id_participant,cues
22,machine
22,rapport
22,genre
22,jardin
22,rayon
22,colline
22,chien
22,peau
22,mur
22,science
22,enfant
22,lune
22,cause
22,table
22,toit
22,jeunesse
22,nord
22,direction
22,mer
22,objet
22,appel
22,lutte
22,mari
22,vin
22,rôle
22,horizon
22,jambe
22,page
22,fil
22,soeur
22,preuve
22,morceau
22,gauche
22,doigt
22,garçon
22,façon
22,chambre
22,question
22,acte
22,rose
22,oncle
22,herbe
22,faim
22,école
22,lit
22,masse
22,flamme
22,lèvre
22,passage
22,principe
22,sens
22,habitude
22,passion
22,désir
22,larme
22,vache
22,début
22,pierre
22,visage
22,arbre
22,position
22,avis
22,flamme
22,genre
22,lutte
22,horizon
22,cause
22,morceau
22,preuve
22,lune
22,mer
22,objet
22,enfant
22,toit
22,doigt
22,mur
22,table
22,désir
22,école
22,passage
22,façon
22,vache
22,acte
22,lèvre
22,direction
22,habitude
22,jeunesse
22,herbe
22,jardin
22,rôle
22,colline
22,fil
22,rayon
22,page
22,larme
22,pierre
22,rose
22,soeur
22,nord
22,oncle
22,sens
22,peau
22,vin
22,machine
22,rapport
22,masse
22,chien
22,début
22,avis
22,chambre
22,mari
22,gauche
22,position
22,principe
22,question
22,garçon
22,jambe
22,visage
22,faim
22,arbre
22,science
22,appel
22,lit
22,passion
23,sens
23,peau
23,lit
23,vache
23,chambre
23,rose
23,arbre
23,lutte
23,oncle
23,chien
23,preuve
23,herbe
23,larme
23,cause
23,faim
23,question
23,façon
23,lune
23,pierre
23,lèvre
23,morceau
23,jambe
23,objet
23,rôle
23,rayon
23,passion
23,doigt
23,enfant
23,flamme
23,habitude
23,horizon
23,désir
23,jeunesse
23,début
23,soeur
23,mur
23,passage
23,masse
23,position
23,acte
23,mer
23,toit
23,avis
23,jardin
23,mari
23,machine
23,école
23,page
23,gauche
23,colline
23,table
23,rapport
23,fil
23,garçon
23,direction
23,visage
23,nord
23,appel
23,principe
23,genre
23,science
23,vin
23,façon
23,passage
23,fil
23,visage
23,vin
23,lutte
23,chambre
23,genre
23,mur
23,colline
23,appel
23,morceau
23,doigt
23,peau
23,enfant
23,mer
23,début
23,science
23,jardin
23,gauche
23,rapport
23,habitude
23,machine
23,école
23,cause
23,jambe
23,page
23,larme
23,vache
23,horizon
23,position
23,herbe
23,nord
23,garçon
23,rayon
23,table
23,principe
23,preuve
23,lèvre
23,oncle
23,lune
23,arbre
23,jeunesse
23,sens
23,chien
23,rôle
23,faim
23,objet
23,pierre
23,rose
23,soeur
23,avis
23,question
23,désir
23,direction
23,passion
23,masse
23,flamme
23,mari
23,lit
23,toit
23,acte
24,lune
24,sens
24,nord
24,chambre
24,habitude
24,désir
24,horizon
24,lit
24,pierre
24,arbre
24,doigt
24,rapport
24,jambe
24,garçon
24,morceau
24,passion
24,fil
24,peau
24,page
24,soeur
24,appel
24,oncle
24,vin
24,chien
24,avis
24,position
24,vache
24,toit
24,façon
24,science
24,école
24,mur
24,gauche
24,rayon
24,mer
24,flamme
24,question
24,jardin
24,jeunesse
24,rôle
24,table
24,cause
24,masse
24,lèvre
24,colline
24,visage
24,enfant
24,lutte
24,preuve
24,machine
24,rose
24,principe
24,direction
24,passage
24,acte
24,début
24,larme
24,herbe
24,objet
24,genre
24,faim
24,mari
24,direction
24,école
24,machine
24,vache
24,passage
24,avis
24,lune
24,genre
24,début
24,jambe
24,morceau
24,cause
24,lutte
24,faim
24,rose
24,principe
24,position
24,jardin
24,pierre
24,toit
24,rapport
24,habitude
24,passion
24,science
24,vin
24,appel
24,preuve
24,sens
24,objet
24,enfant
24,flamme
24,garçon
24,table
24,larme
24,lèvre
24,lit
24,jeunesse
24,doigt
24,visage
24,chambre
24,gauche
24,mer
24,acte
24,colline
24,fil
24,oncle
24,mari
24,chien
24,rayon
24,herbe
24,question
24,masse
24,nord
24,horizon
24,façon
24,page
24,peau
24,soeur
24,arbre
24,désir
24,mur
24,rôle
25,désir
25,façon
25,pierre
25,lit
25,toit
25,rose
25,mer
25,morceau
25,rôle
25,peau
25,flamme
25,science
25,principe
25,preuve
25,jeunesse
25,passage
25,masse
25,enfant
25,lèvre
25,mari
25,objet
25,vache
25,garçon
25,oncle
25,lune
25,rayon
25,vin
25,acte
25,lutte
25,avis
25,larme
25,jardin
25,école
25,jambe
25,faim
25,mur
25,gauche
25,colline
25,sens
25,page
25,table
25,direction
25,soeur
25,fil
25,position
25,passion
25,cause
25,début
25,doigt
25,chambre
25,genre
25,nord
25,habitude
25,visage
25,herbe
25,rapport
25,question
25,chien
25,arbre
25,horizon
25,appel
25,machine
25,cause
25,soeur
25,page
25,genre
25,gauche
25,chien
25,masse
25,pierre
25,position
25,mari
25,science
25,lit
25,chambre
25,début
25,mer
25,garçon
25,oncle
25,rôle
25,peau
25,lune
25,direction
25,principe
25,rose
25,rapport
25,morceau
25,avis
25,arbre
25,machine
25,appel
25,rayon
25,école
25,question
25,horizon
25,jeunesse
25,objet
25,toit
25,faim
25,façon
25,table
25,jambe
25,vache
25,mur
25,lutte
25,vin
25,visage
25,nord
25,enfant
25,passage
25,doigt
25,colline
25,jardin
25,fil
25,preuve
25,sens
25,acte
25,larme
25,désir
25,herbe
25,flamme
25,lèvre
25,habitude
25,passion
26,colline
26,sens
26,lune
26,objet
26,principe
26,flamme
26,rapport
26,masse
26,morceau
26,jardin
26,nord
26,chambre
26,machine
26,façon
26,toit
26,habitude
26,vache
26,mari
26,faim
26,rôle
26,garçon
26,lutte
26,jambe
26,cause
26,horizon
26,rose
26,avis
26,enfant
26,peau
26,passage
26,question
26,chien
26,école
26,acte
26,fil
26,début
26,page
26,table
26,mur
26,science
26,soeur
26,direction
26,gauche
26,larme
26,vin
26,pierre
26,lit
26,visage
26,preuve
26,genre
26,jeunesse
26,passion
26,oncle
26,appel
26,rayon
26,désir
26,arbre
26,position
26,doigt
26,herbe
26,lèvre
26,mer
26,peau
26,machine
26,début
26,fil
26,rôle
26,larme
26,nord
26,enfant
26,preuve
26,jeunesse
26,vache
26,visage
26,arbre
26,lit
26,morceau
26,lèvre
26,oncle
26,habitude
26,toit
26,direction
26,sens
26,mur
26,cause
26,jardin
26,science
26,passage
26,principe
26,désir
26,doigt
26,chambre
26,pierre
26,vin
26,garçon
26,chien
26,rose
26,faim
26,lutte
26,position
26,question
26,mer
26,flamme
26,passion
26,genre
26,colline
26,mari
26,soeur
26,avis
26,façon
26,objet
26,rayon
26,jambe
26,table
26,page
26,appel
26,acte
26,gauche
26,horizon
26,école
26,masse
26,rapport
26,herbe
26,lune
27,horizon
27,larme
27,nord
27,désir
27,preuve
27,principe
27,pierre
27,colline
27,soeur
27,lutte
27,passage
27,chambre
27,enfant
27,peau
27,habitude
27,lune
27,direction
27,oncle
27,question
27,garçon
27,visage
27,lèvre
27,jardin
27,page
27,masse
27,rayon
27,fil
27,objet
27,école
27,rapport
27,passion
27,sens
27,table
27,flamme
27,rose
27,mur
27,morceau
27,position
27,cause
27,toit
27,début
27,lit
27,science
27,faim
27,appel
27,avis
27,mari
27,jambe
27,genre
27,doigt
27,machine
27,vache
27,chien
27,arbre
27,mer
27,acte
27,façon
27,vin
27,gauche
27,jeunesse
27,rôle
27,herbe
27,peau
27,toit
27,science
27,rôle
27,vin
27,appel
27,rayon
27,preuve
27,page
27,chien
27,faim
27,habitude
27,principe
27,passion
27,objet
27,position
27,genre
27,direction
27,lèvre
27,machine
27,jardin
27,table
27,larme
27,cause
27,colline
27,vache
27,sens
27,visage
27,mur
27,jambe
27,soeur
27,école
27,jeunesse
27,morceau
27,arbre
27,pierre
27,doigt
27,mari
27,avis
27,passage
27,rose
27,herbe
27,désir
27,oncle
27,enfant
27,gauche
27,fil
27,façon
27,début
27,chambre
27,lit
27,nord
27,flamme
27,mer
27,acte
27,lutte
27,horizon
27,question
27,lune
27,rapport
27,masse
27,garçon
28,acte
28,lune
28,mur
28,jardin
28,genre
28,nord
28,passion
28,cause
28,visage
28,flamme
28,science
28,chambre
28,avis
28,appel
28,fil
28,habitude
28,machine
28,table
28,horizon
28,rôle
28,colline
28,mer
28,herbe
28,faim
28,position
28,masse
28,chien
28,preuve
28,lit
28,question
28,garçon
28,morceau
28,sens
28,début
28,lutte
28,soeur
28,passage
28,façon
28,direction
28,rayon
28,jeunesse
28,vache
28,oncle
28,vin
28,larme
28,peau
28,objet
28,arbre
28,école
28,page
28,rose
28,rapport
28,désir
28,mari
28,toit
28,jambe
28,lèvre
28,doigt
28,principe
28,pierre
28,enfant
28,gauche
28,rapport
28,désir
28,peau
28,vache
28,mur
28,chien
28,habitude
28,larme
28,cause
28,preuve
28,direction
28,lèvre
28,chambre
28,visage
28,colline
28,mer
28,page
28,arbre
28,gauche
28,flamme
28,école
28,principe
28,oncle
28,herbe
28,morceau
28,enfant
28,nord
28,jardin
28,façon
28,garçon
28,lune
28,genre
28,doigt
28,machine
28,rôle
28,jeunesse
28,passion
28,masse
28,début
28,question
28,soeur
28,mari
28,rayon
28,rose
28,acte
28,table
28,lutte
28,objet
28,sens
28,horizon
28,avis
28,pierre
28,fil
28,science
28,appel
28,passage
28,faim
28,lit
28,jambe
28,position
28,vin
28,toit
29,début
29,preuve
29,cause
29,école
29,gauche
29,machine
29,mer
29,chien
29,lit
29,avis
29,page
29,chambre
29,fil
29,direction
29,vin
29,vache
29,position
29,sens
29,larme
29,rapport
29,genre
29,pierre
29,colline
29,toit
29,nord
29,objet
29,visage
29,arbre
29,appel
29,soeur
29,rose
29,oncle
29,rôle
29,masse
29,faim
29,lèvre
29,garçon
29,morceau
29,passage
29,passion
29,horizon
29,jardin
29,lune
29,flamme
29,enfant
29,désir
29,lutte
29,jeunesse
29,mur
29,mari
29,peau
29,herbe
29,question
29,façon
29,table
29,rayon
29,principe
29,acte
29,science
29,doigt
29,jambe
29,habitude
29,objet
29,rapport
29,direction
29,chambre
29,lune
29,jeunesse
29,nord
29,pierre
29,vache
29,lèvre
29,rayon
29,herbe
29,page
29,toit
29,rose
29,doigt
29,sens
29,horizon
29,acte
29,mur
29,larme
29,position
29,principe
29,mer
29,appel
29,avis
29,colline
29,genre
29,vin
29,flamme
29,façon
29,école
29,table
29,passion
29,rôle
29,oncle
29,cause
29,mari
29,question
29,début
29,chien
29,jardin
29,soeur
29,garçon
29,jambe
29,preuve
29,lutte
29,désir
29,arbre
29,gauche
29,habitude
29,fil
29,enfant
29,machine
29,lit
29,masse
29,faim
29,passage
29,science
29,peau
29,morceau
29,visage
30,toit
30,pierre
30,enfant
30,début
30,façon
30,jeunesse
30,lèvre
30,nord
30,oncle
30,principe
30,larme
30,rapport
30,rôle
30,jambe
30,faim
30,peau
30,école
30,page
30,sens
30,cause
30,rayon
30,mari
30,chien
30,genre
30,science
30,morceau
30,vache
30,soeur
30,doigt
30,passion
30,jardin
30,arbre
30,garçon
30,colline
30,appel
30,direction
30,question
30,habitude
30,vin
30,avis
30,mur
30,chambre
30,acte
30,visage
30,preuve
30,table
30,gauche
30,flamme
30,horizon
30,désir
30,rose
30,lutte
30,passage
30,mer
30,lune
30,position
30,lit
30,masse
30,machine
30,fil
30,herbe
30,objet
30,toit
30,faim
30,passion
30,machine
30,habitude
30,direction
30,cause
30,jeunesse
30,jardin
30,lèvre
30,doigt
30,lutte
30,flamme
30,rose
30,larme
30,rayon
30,lit
30,façon
30,herbe
30,passage
30,pierre
30,vin
30,principe
30,vache
30,question
30,lune
30,table
30,mur
30,arbre
30,école
30,objet
30,garçon
30,rapport
30,rôle
30,science
30,soeur
30,colline
30,page
30,sens
30,avis
30,morceau
30,position
30,début
30,preuve
30,acte
30,chien
30,gauche
30,chambre
30,masse
30,horizon
30,mari
30,oncle
30,nord
30,peau
30,fil
30,genre
30,désir
30,jambe
30,appel
30,enfant
30,mer
30,visage
31,principe
31,preuve
31,position
31,direction
31,jambe
31,faim
31,appel
31,peau
31,genre
31,sens
31,oncle
31,herbe
31,science
31,arbre
31,enfant
31,garçon
31,école
31,fil
31,jardin
31,visage
31,rayon
31,pierre
31,passage
31,rôle
31,rapport
31,nord
31,masse
31,morceau
31,flamme
31,gauche
31,table
31,passion
31,page
31,machine
31,avis
31,vache
31,lune
31,début
31,lit
31,larme
31,mari
31,habitude
31,acte
31,mur
31,rose
31,toit
31,question
31,doigt
31,lèvre
31,chien
31,colline
31,désir
31,horizon
31,cause
31,façon
31,jeunesse
31,mer
31,soeur
31,objet
31,chambre
31,vin
31,lutte
31,table
31,science
31,chambre
31,rayon
31,rose
31,masse
31,rôle
31,lèvre
31,fil
31,façon
31,gauche
31,passion
31,soeur
31,vache
31,page
31,faim
31,flamme
31,passage
31,direction
31,oncle
31,enfant
31,école
31,garçon
31,objet
31,genre
31,appel
31,cause
31,position
31,désir
31,machine
31,lune
31,jardin
31,nord
31,question
31,acte
31,arbre
31,mari
31,principe
31,mur
31,habitude
31,jambe
31,rapport
31,lit
31,pierre
31,preuve
31,sens
31,peau
31,toit
31,chien
31,herbe
31,doigt
31,début
31,colline
31,horizon
31,avis
31,larme
31,visage
31,mer
31,vin
31,morceau
31,lutte
31,jeunesse
32,garçon
32,page
32,chien
32,passage
32,jambe
32,table
32,horizon
32,oncle
32,larme
32,rayon
32,lèvre
32,genre
32,soeur
32,début
32,mer
32,gauche
32,appel
32,peau
32,preuve
32,mari
32,chambre
32,lit
32,objet
32,sens
32,toit
32,pierre
32,arbre
32,mur
32,colline
32,rapport
32,façon
32,fil
32,lutte
32,nord
32,masse
32,faim
32,jardin
32,science
32,visage
32,rose
32,désir
32,herbe
32,morceau
32,question
32,école
32,position
32,cause
32,doigt
32,rôle
32,jeunesse
32,acte
32,passion
32,avis
32,habitude
32,enfant
32,vin
32,principe
32,direction
32,machine
32,lune
32,flamme
32,vache
32,soeur
32,chambre
32,lutte
32,gauche
32,façon
32,principe
32,masse
32,arbre
32,avis
32,acte
32,doigt
32,habitude
32,chien
32,question
32,passage
32,toit
32,position
32,mari
32,rose
32,rôle
32,appel
32,lune
32,nord
32,page
32,jeunesse
32,passion
32,science
32,herbe
32,enfant
32,morceau
32,vin
32,jardin
32,peau
32,lit
32,désir
32,fil
32,jambe
32,pierre
32,cause
32,table
32,sens
32,colline
32,faim
32,preuve
32,horizon
32,garçon
32,genre
32,larme
32,direction
32,objet
32,machine
32,flamme
32,mur
32,rayon
32,école
32,début
32,oncle
32,mer
32,rapport
32,vache
32,visage
32,lèvre
33,mari
33,jeunesse
33,pierre
33,chien
33,nord
33,rose
33,lutte
33,début
33,flamme
33,peau
33,jambe
33,horizon
33,enfant
33,table
33,façon
33,sens
33,avis
33,doigt
33,page
33,principe
33,rayon
33,rôle
33,genre
33,rapport
33,acte
33,question
33,lèvre
33,machine
33,chambre
33,colline
33,fil
33,position
33,passage
33,masse
33,jardin
33,garçon
33,larme
33,arbre
33,gauche
33,mer
33,objet
33,école
33,vin
33,lit
33,science
33,faim
33,passion
33,herbe
33,lune
33,oncle
33,toit
33,soeur
33,vache
33,habitude
33,appel
33,cause
33,direction
33,morceau
33,mur
33,désir
33,preuve
33,visage
33,cause
33,lutte
33,garçon
33,preuve
33,mari
33,masse
33,lune
33,mur
33,rayon
33,peau
33,acte
33,horizon
33,vache
33,rapport
33,science
33,table
33,direction
33,pierre
33,gauche
33,rose
33,fil
33,flamme
33,question
33,façon
33,machine
33,soeur
33,sens
33,herbe
33,doigt
33,genre
33,page
33,rôle
33,jambe
33,arbre
33,vin
33,lèvre
33,colline
33,passage
33,passion
33,principe
33,jardin
33,toit
33,chambre
33,lit
33,enfant
33,appel
33,larme
33,nord
33,morceau
33,position
33,visage
33,chien
33,faim
33,objet
33,oncle
33,école
33,désir
33,début
33,jeunesse
33,avis
33,mer
33,habitude
34,larme
34,toit
34,chambre
34,lit
34,fil
34,faim
34,machine
34,position
34,table
34,preuve
34,lutte
34,sens
34,doigt
34,question
34,acte
34,visage
34,science
34,herbe
34,gauche
34,rapport
34,colline
34,soeur
34,jambe
34,rayon
34,genre
34,morceau
34,peau
34,rôle
34,façon
34,vache
34,cause
34,flamme
34,direction
34,rose
34,objet
34,avis
34,jardin
34,mari
34,enfant
34,lune
34,lèvre
34,habitude
34,passion
34,principe
34,oncle
34,pierre
34,masse
34,désir
34,vin
34,horizon
34,chien
34,début
34,école
34,arbre
34,mer
34,passage
34,appel
34,nord
34,page
34,garçon
34,mur
34,jeunesse
34,désir
34,horizon
34,gauche
34,rôle
34,visage
34,lune
34,jambe
34,fil
34,école
34,machine
34,morceau
34,flamme
34,toit
34,passion
34,doigt
34,lit
34,rapport
34,vache
34,lèvre
34,début
34,objet
34,genre
34,colline
34,masse
34,table
34,garçon
34,soeur
34,appel
34,arbre
34,science
34,rose
34,jardin
34,habitude
34,avis
34,chien
34,mur
34,rayon
34,herbe
34,enfant
34,direction
34,cause
34,page
34,nord
34,oncle
34,peau
34,passage
34,preuve
34,faim
34,principe
34,mer
34,question
34,acte
34,jeunesse
34,mari
34,façon
34,position
34,vin
34,chambre
34,sens
34,larme
34,pierre
34,lutte
35,soeur
35,désir
35,principe
35,école
35,chambre
35,chien
35,façon
35,direction
35,peau
35,herbe
35,mari
35,arbre
35,horizon
35,oncle
35,lit
35,appel
35,passage
35,garçon
35,vin
35,rose
35,rôle
35,lèvre
35,rayon
35,toit
35,jambe
35,objet
35,fil
35,rapport
35,larme
35,début
35,nord
35,machine
35,pierre
35,genre
35,mur
35,lune
35,morceau
35,table
35,page
35,position
35,avis
35,preuve
35,vache
35,masse
35,enfant
35,visage
35,habitude
35,acte
35,sens
35,jardin
35,jeunesse
35,gauche
35,mer
35,colline
35,passion
35,cause
35,question
35,faim
35,lutte
35,science
35,doigt
35,flamme
35,garçon
35,flamme
35,vin
35,table
35,larme
35,gauche
35,arbre
35,pierre
35,école
35,rôle
35,horizon
35,façon
35,jardin
35,avis
35,rayon
35,objet
35,toit
35,lit
35,morceau
35,rose
35,preuve
35,passage
35,lutte
35,sens
35,position
35,rapport
35,page
35,doigt
35,chien
35,question
35,passion
35,peau
35,fil
35,appel
35,lune
35,visage
35,principe
35,désir
35,lèvre
35,herbe
35,jambe
35,jeunesse
35,mer
35,machine
35,nord
35,masse
35,chambre
35,colline
35,début
35,oncle
35,habitude
35,mari
35,direction
35,cause
35,acte
35,soeur
35,faim
35,mur
35,genre
35,science
35,vache
35,enfant
36,direction
36,page
36,garçon
36,mer
36,passion
36,rôle
36,position
36,herbe
36,passage
36,désir
36,lutte
36,genre
36,toit
36,science
36,doigt
36,cause
36,lèvre
36,masse
36,morceau
36,début
36,larme
36,preuve
36,acte
36,vache
36,sens
36,machine
36,jambe
36,arbre
36,lune
36,jeunesse
36,table
36,rapport
36,avis
36,flamme
36,nord
36,rose
36,principe
36,lit
36,soeur
36,oncle
36,fil
36,chambre
36,appel
36,école
36,objet
36,visage
36,colline
36,vin
36,habitude
36,pierre
36,enfant
36,faim
36,chien
36,façon
36,question
36,jardin
36,peau
36,rayon
36,horizon
36,mur
36,mari
36,gauche
36,oncle
36,sens
36,question
36,machine
36,table
36,colline
36,désir
36,habitude
36,appel
36,science
36,mer
36,doigt
36,mur
36,garçon
36,fil
36,pierre
36,horizon
36,page
36,lèvre
36,rose
36,objet
36,larme
36,lune
36,soeur
36,mari
36,école
36,acte
36,arbre
36,vache
36,chambre
36,principe
36,herbe
36,jambe
36,rayon
36,visage
36,lutte
36,passion
36,lit
36,jeunesse
36,preuve
36,flamme
36,rôle
36,vin
36,cause
36,position
36,morceau
36,toit
36,avis
36,nord
36,passage
36,peau
36,masse
36,genre
36,faim
36,début
36,enfant
36,façon
36,chien
36,jardin
36,rapport
36,direction
36,gauche
37,rayon
37,herbe
37,sens
37,début
37,objet
37,gauche
37,lèvre
37,direction
37,mer
37,école
37,désir
37,chambre
37,lune
37,mur
37,garçon
37,toit
37,vache
37,rôle
37,preuve
37,genre
37,rose
37,habitude
37,table
37,nord
37,flamme
37,jardin
37,faim
37,peau
37,oncle
37,morceau
37,arbre
37,passion
37,doigt
37,acte
37,masse
37,horizon
37,lutte
37,avis
37,mari
37,lit
37,vin
37,question
37,jeunesse
37,pierre
37,larme
37,page
37,façon
37,enfant
37,position
37,visage
37,jambe
37,colline
37,science
37,principe
37,soeur
37,cause
37,chien
37,rapport
37,machine
37,appel
37,fil
37,passage
37,rôle
37,table
37,enfant
37,jardin
37,école
37,rapport
37,page
37,toit
37,colline
37,passion
37,chien
37,vin
37,mari
37,lit
37,herbe
37,masse
37,faim
37,peau
37,acte
37,machine
37,jeunesse
37,nord
37,objet
37,rayon
37,flamme
37,rose
37,genre
37,gauche
37,fil
37,chambre
37,lune
37,question
37,passage
37,pierre
37,lèvre
37,façon
37,larme
37,lutte
37,horizon
37,morceau
37,mur
37,principe
37,oncle
37,avis
37,direction
37,position
37,arbre
37,habitude
37,visage
37,début
37,garçon
37,preuve
37,cause
37,soeur
37,science
37,désir
37,appel
37,sens
37,jambe
37,mer
37,vache
37,doigt
38,rose
38,vache
38,habitude
38,gauche
38,désir
38,visage
38,passion
38,jambe
38,genre
38,enfant
38,machine
38,oncle
38,faim
38,larme
38,doigt
38,principe
38,question
38,école
38,science
38,rayon
38,masse
38,lune
38,début
38,position
38,direction
38,jardin
38,jeunesse
38,garçon
38,façon
38,toit
38,mari
38,rôle
38,cause
38,mur
38,table
38,page
38,rapport
38,herbe
38,acte
38,colline
38,vin
38,avis
38,peau
38,arbre
38,sens
38,morceau
38,soeur
38,lutte
38,lèvre
38,nord
38,mer
38,passage
38,horizon
38,lit
38,appel
38,flamme
38,objet
38,chien
38,chambre
38,pierre
38,preuve
38,fil
38,jeunesse
38,objet
38,herbe
38,doigt
38,vache
38,lutte
38,question
38,science
38,chien
38,arbre
38,pierre
38,lèvre
38,table
38,chambre
38,mer
38,enfant
38,gauche
38,acte
38,larme
38,vin
38,habitude
38,fil
38,lit
38,rayon
38,faim
38,direction
38,appel
38,morceau
38,passion
38,sens
38,genre
38,cause
38,position
38,mur
38,rôle
38,oncle
38,nord
38,école
38,toit
38,masse
38,soeur
38,lune
38,peau
38,jardin
38,horizon
38,garçon
38,début
38,visage
38,façon
38,page
38,principe
38,preuve
38,machine
38,passage
38,flamme
38,jambe
38,rapport
38,colline
38,désir
38,mari
38,avis
38,rose
39,toit
39,preuve
39,vin
39,nord
39,appel
39,oncle
39,rapport
39,vache
39,morceau
39,arbre
39,lutte
39,larme
39,machine
39,école
39,chien
39,sens
39,acte
39,rose
39,début
39,page
39,pierre
39,rayon
39,mer
39,cause
39,table
39,jeunesse
39,position
39,lune
39,direction
39,science
39,avis
39,objet
39,horizon
39,masse
39,flamme
39,gauche
39,genre
39,lèvre
39,colline
39,fil
39,passion
39,herbe
39,mur
39,lit
39,passage
39,principe
39,soeur
39,faim
39,garçon
39,peau
39,chambre
39,jambe
39,visage
39,habitude
39,mari
39,désir
39,rôle
39,façon
39,enfant
39,question
39,doigt
39,jardin
39,lutte
39,vache
39,désir
39,rose
39,acte
39,mur
39,avis
39,fil
39,question
39,enfant
39,machine
39,lit
39,mer
39,passion
39,début
39,école
39,visage
39,peau
39,morceau
39,herbe
39,page
39,passage
39,rapport
39,doigt
39,garçon
39,toit
39,façon
39,masse
39,lune
39,sens
39,direction
39,position
39,larme
39,flamme
39,table
39,horizon
39,rôle
39,soeur
39,science
39,lèvre
39,chien
39,nord
39,genre
39,colline
39,jeunesse
39,objet
39,jambe
39,pierre
39,oncle
39,mari
39,rayon
39,faim
39,gauche
39,jardin
39,preuve
39,vin
39,chambre
39,principe
39,cause
39,appel
39,arbre
39,habitude
40,rayon
40,mer
40,vin
40,peau
40,arbre
40,chambre
40,fil
40,façon
40,objet
40,passion
40,page
40,pierre
40,machine
40,jambe
40,larme
40,lune
40,horizon
40,faim
40,début
40,toit
40,mur
40,sens
40,flamme
40,colline
40,habitude
40,direction
40,masse
40,question
40,enfant
40,doigt
40,jardin
40,nord
40,chien
40,mari
40,jeunesse
40,garçon
40,soeur
40,rôle
40,cause
40,rose
40,preuve
40,lèvre
40,lutte
40,science
40,table
40,herbe
40,morceau
40,désir
40,rapport
40,lit
40,passage
40,appel
40,visage
40,gauche
40,principe
40,vache
40,école
40,oncle
40,avis
40,genre
40,acte
40,position
40,rayon
40,lit
40,fil
40,lutte
40,passage
40,horizon
40,rôle
40,question
40,chien
40,machine
40,masse
40,faim
40,chambre
40,oncle
40,arbre
40,mur
40,preuve
40,habitude
40,morceau
40,passion
40,appel
40,principe
40,herbe
40,lune
40,direction
40,vin
40,désir
40,genre
40,jardin
40,rapport
40,position
40,colline
40,mer
40,peau
40,visage
40,gauche
40,toit
40,jambe
40,page
40,garçon
40,école
40,rose
40,vache
40,science
40,flamme
40,enfant
40,acte
40,avis
40,façon
40,lèvre
40,doigt
40,début
40,sens
40,nord
40,mari
40,jeunesse
40,cause
40,pierre
40,objet
40,table
40,soeur
40,larme
41,table
41,position
41,lèvre
41,pierre
41,rayon
41,lutte
41,avis
41,jambe
41,direction
41,machine
41,flamme
41,soeur
41,lit
41,mer
41,colline
41,preuve
41,rose
41,genre
41,vache
41,page
41,mur
41,oncle
41,faim
41,chien
41,nord
41,toit
41,lune
41,appel
41,doigt
41,fil
41,masse
41,arbre
41,visage
41,science
41,garçon
41,cause
41,chambre
41,principe
41,rapport
41,sens
41,façon
41,jeunesse
41,acte
41,horizon
41,école
41,habitude
41,enfant
41,question
41,morceau
41,gauche
41,vin
41,jardin
41,herbe
41,larme
41,passage
41,rôle
41,objet
41,mari
41,peau
41,début
41,désir
41,passion
41,rôle
41,arbre
41,morceau
41,enfant
41,lutte
41,rayon
41,jambe
41,acte
41,passage
41,mur
41,visage
41,chambre
41,garçon
41,faim
41,table
41,herbe
41,sens
41,objet
41,doigt
41,façon
41,jardin
41,masse
41,genre
41,jeunesse
41,question
41,machine
41,pierre
41,lune
41,colline
41,preuve
41,page
41,rapport
41,mari
41,vin
41,désir
41,flamme
41,cause
41,rose
41,larme
41,lèvre
41,appel
41,passion
41,vache
41,soeur
41,mer
41,direction
41,nord
41,position
41,chien
41,lit
41,avis
41,fil
41,toit
41,principe
41,école
41,oncle
41,peau
41,horizon
41,gauche
41,début
41,habitude
41,science
42,appel
42,désir
42,lutte
42,passage
42,masse
42,mur
42,mari
42,fil
42,horizon
42,position
42,lèvre
42,jambe
42,gauche
42,doigt
42,enfant
42,question
42,vache
42,chien
42,nord
42,mer
42,science
42,morceau
42,jeunesse
42,genre
42,visage
42,rayon
42,principe
42,oncle
42,école
42,lit
42,pierre
42,colline
42,garçon
42,table
42,lune
42,rapport
42,larme
42,cause
42,peau
42,chambre
42,preuve
42,façon
42,rôle
42,herbe
42,vin
42,soeur
42,acte
42,faim
42,habitude
42,jardin
42,passion
42,direction
42,début
42,toit
42,sens
42,page
42,avis
42,rose
42,arbre
42,flamme
42,machine
42,objet
42,chambre
42,herbe
42,sens
42,rose
42,visage
42,toit
42,masse
42,doigt
42,appel
42,lèvre
42,larme
42,question
42,oncle
42,vin
42,jardin
42,acte
42,désir
42,garçon
42,flamme
42,enfant
42,chien
42,objet
42,cause
42,page
42,science
42,faim
42,mer
42,peau
42,façon
42,rayon
42,morceau
42,genre
42,machine
42,preuve
42,lit
42,gauche
42,mari
42,jeunesse
42,direction
42,nord
42,position
42,avis
42,école
42,horizon
42,habitude
42,lutte
42,soeur
42,jambe
42,passion
42,vache
42,table
42,principe
42,arbre
42,passage
42,rapport
42,lune
42,rôle
42,mur
42,début
42,pierre
42,colline
42,fil
43,passage
43,horizon
43,table
43,machine
43,gauche
43,lutte
43,genre
43,pierre
43,sens
43,colline
43,visage
43,mari
43,début
43,rôle
43,jardin
43,vin
43,faim
43,façon
43,cause
43,mer
43,direction
43,larme
43,morceau
43,nord
43,passion
43,chambre
43,jambe
43,chien
43,appel
43,arbre
43,enfant
43,jeunesse
43,lune
43,rapport
43,oncle
43,avis
43,masse
43,position
43,flamme
43,lit
43,rose
43,garçon
43,mur
43,lèvre
43,soeur
43,doigt
43,science
43,école
43,herbe
43,question
43,objet
43,page
43,toit
43,habitude
43,principe
43,désir
43,preuve
43,vache
43,fil
43,acte
43,peau
43,rayon
43,herbe
43,habitude
43,rose
43,morceau
43,rayon
43,pierre
43,acte
43,doigt
43,appel
43,façon
43,sens
43,question
43,rôle
43,chien
43,preuve
43,école
43,garçon
43,direction
43,mari
43,soeur
43,lutte
43,machine
43,passion
43,horizon
43,position
43,début
43,chambre
43,mer
43,mur
43,objet
43,lit
43,désir
43,page
43,avis
43,science
43,enfant
43,masse
43,visage
43,vache
43,arbre
43,larme
43,rapport
43,genre
43,faim
43,gauche
43,fil
43,table
43,flamme
43,jardin
43,vin
43,toit
43,lune
43,principe
43,nord
43,passage
43,cause
43,peau
43,lèvre
43,colline
43,jeunesse
43,jambe
43,oncle
44,doigt
44,direction
44,morceau
44,rôle
44,masse
44,flamme
44,visage
44,page
44,école
44,rapport
44,lune
44,preuve
44,rayon
44,pierre
44,nord
44,horizon
44,mari
44,oncle
44,toit
44,colline
44,arbre
44,jeunesse
44,enfant
44,chambre
44,cause
44,façon
44,vache
44,position
44,gauche
44,vin
44,lit
44,herbe
44,rose
44,habitude
44,désir
44,chien
44,avis
44,question
44,genre
44,garçon
44,sens
44,science
44,jambe
44,passion
44,fil
44,soeur
44,début
44,larme
44,objet
44,lèvre
44,machine
44,acte
44,faim
44,mer
44,mur
44,lutte
44,jardin
44,appel
44,table
44,passage
44,peau
44,principe
44,sens
44,désir
44,larme
44,jambe
44,mur
44,direction
44,science
44,faim
44,principe
44,passion
44,cause
44,passage
44,arbre
44,flamme
44,soeur
44,rapport
44,question
44,mer
44,colline
44,toit
44,lune
44,lutte
44,façon
44,appel
44,nord
44,rose
44,oncle
44,mari
44,enfant
44,pierre
44,jeunesse
44,objet
44,herbe
44,chambre
44,page
44,garçon
44,début
44,vin
44,vache
44,preuve
44,peau
44,horizon
44,visage
44,gauche
44,école
44,avis
44,chien
44,rayon
44,masse
44,lèvre
44,habitude
44,table
44,lit
44,genre
44,fil
44,rôle
44,doigt
44,acte
44,jardin
44,position
44,machine
44,morceau
45,passage
45,mari
45,faim
45,enfant
45,vin
45,visage
45,machine
45,désir
45,objet
45,rôle
45,nord
45,colline
45,peau
45,cause
45,preuve
45,avis
45,oncle
45,passion
45,début
45,morceau
45,table
45,fil
45,mer
45,science
45,principe
45,rayon
45,direction
45,horizon
45,chambre
45,page
45,genre
45,rapport
45,lune
45,larme
45,lutte
45,position
45,appel
45,école
45,vache
45,mur
45,jeunesse
45,garçon
45,soeur
45,lèvre
45,herbe
45,lit
45,question
45,gauche
45,façon
45,chien
45,arbre
45,jardin
45,sens
45,acte
45,pierre
45,jambe
45,toit
45,masse
45,doigt
45,rose
45,habitude
45,flamme
45,larme
45,genre
45,vin
45,acte
45,science
45,rôle
45,chien
45,horizon
45,mur
45,oncle
45,objet
45,soeur
45,habitude
45,lit
45,école
45,principe
45,lutte
45,peau
45,herbe
45,nord
45,passion
45,jambe
45,toit
45,façon
45,désir
45,garçon
45,question
45,cause
45,position
45,mari
45,sens
45,visage
45,fil
45,flamme
45,passage
45,enfant
45,lune
45,jeunesse
45,doigt
45,rapport
45,arbre
45,pierre
45,faim
45,vache
45,mer
45,lèvre
45,rose
45,masse
45,colline
45,preuve
45,chambre
45,table
45,direction
45,machine
45,page
45,morceau
45,gauche
45,avis
45,rayon
45,début
45,jardin
45,appel
46,jambe
46,mari
46,colline
46,toit
46,habitude
46,rayon
46,masse
46,rapport
46,pierre
46,genre
46,lit
46,page
46,table
46,façon
46,passage
46,rose
46,rôle
46,herbe
46,appel
46,science
46,flamme
46,passion
46,jardin
46,désir
46,gauche
46,sens
46,larme
46,objet
46,lune
46,cause
46,oncle
46,vin
46,garçon
46,peau
46,soeur
46,mer
46,lèvre
46,doigt
46,acte
46,lutte
46,école
46,faim
46,chambre
46,morceau
46,machine
46,enfant
46,fil
46,début
46,nord
46,mur
46,position
46,arbre
46,vache
46,avis
46,horizon
46,principe
46,preuve
46,chien
46,visage
46,jeunesse
46,direction
46,question
46,lutte
46,début
46,direction
46,mari
46,visage
46,mer
46,passage
46,mur
46,lèvre
46,faim
46,table
46,objet
46,gauche
46,arbre
46,sens
46,masse
46,rôle
46,lit
46,principe
46,peau
46,jeunesse
46,cause
46,enfant
46,herbe
46,chambre
46,flamme
46,nord
46,garçon
46,colline
46,désir
46,vache
46,machine
46,façon
46,habitude
46,morceau
46,larme
46,position
46,avis
46,vin
46,rayon
46,oncle
46,fil
46,passion
46,page
46,rose
46,pierre
46,chien
46,jambe
46,lune
46,genre
46,preuve
46,acte
46,doigt
46,rapport
46,question
46,horizon
46,école
46,toit
46,science
46,soeur
46,jardin
46,appel
47,toit
47,morceau
47,passion
47,lune
47,horizon
47,chien
47,larme
47,début
47,façon
47,école
47,flamme
47,mer
47,page
47,rapport
47,jambe
47,rayon
47,oncle
47,visage
47,mur
47,colline
47,peau
47,jardin
47,passage
47,avis
47,objet
47,lit
47,garçon
47,position
47,preuve
47,sens
47,herbe
47,enfant
47,cause
47,question
47,jeunesse
47,vache
47,lèvre
47,rôle
47,chambre
47,vin
47,arbre
47,habitude
47,principe
47,fil
47,masse
47,soeur
47,désir
47,rose
47,table
47,faim
47,genre
47,direction
47,acte
47,pierre
47,nord
47,doigt
47,appel
47,gauche
47,mari
47,machine
47,science
47,lutte
47,morceau
47,position
47,passage
47,table
47,avis
47,herbe
47,acte
47,visage
47,lutte
47,jardin
47,rose
47,début
47,faim
47,appel
47,rôle
47,jambe
47,chambre
47,horizon
47,chien
47,mer
47,vin
47,façon
47,passion
47,mari
47,mur
47,toit
47,flamme
47,doigt
47,rapport
47,question
47,sens
47,preuve
47,objet
47,oncle
47,pierre
47,soeur
47,lèvre
47,machine
47,genre
47,arbre
47,larme
47,fil
47,science
47,lune
47,direction
47,habitude
47,rayon
47,lit
47,masse
47,désir
47,vache
47,page
47,peau
47,jeunesse
47,enfant
47,nord
47,école
47,gauche
47,cause
47,garçon
47,principe
47,colline
48,rôle
48,jambe
48,question
48,peau
48,rose
48,désir
48,table
48,direction
48,appel
48,début
48,passage
48,position
48,rapport
48,mari
48,mer
48,chien
48,pierre
48,fil
48,doigt
48,habitude
48,enfant
48,preuve
48,vin
48,soeur
48,machine
48,lutte
48,herbe
48,page
48,rayon
48,cause
48,objet
48,toit
48,mur
48,morceau
48,colline
48,genre
48,garçon
48,visage
48,façon
48,passion
48,horizon
48,vache
48,chambre
48,masse
48,arbre
48,sens
48,jardin
48,lèvre
48,acte
48,école
48,science
48,lit
48,jeunesse
48,lune
48,gauche
48,principe
48,oncle
48,avis
48,faim
48,nord
48,larme
48,flamme
48,rose
48,horizon
48,chien
48,lune
48,lit
48,enfant
48,façon
48,toit
48,rapport
48,lutte
48,objet
48,jeunesse
48,arbre
48,machine
48,début
48,vache
48,fil
48,page
48,question
48,chambre
48,position
48,colline
48,sens
48,preuve
48,école
48,pierre
48,oncle
48,mur
48,morceau
48,genre
48,gauche
48,appel
48,passion
48,désir
48,cause
48,table
48,passage
48,principe
48,mari
48,avis
48,larme
48,science
48,jardin
48,rôle
48,acte
48,rayon
48,direction
48,doigt
48,flamme
48,nord
48,mer
48,faim
48,lèvre
48,habitude
48,vin
48,peau
48,jambe
48,herbe
48,masse
48,garçon
48,visage
48,soeur
49,lit
49,masse
49,enfant
49,soeur
49,morceau
49,page
49,toit
49,vin
49,école
49,rôle
49,mur
49,visage
49,mer
49,rayon
49,lune
49,jeunesse
49,mari
49,garçon
49,avis
49,sens
49,direction
49,preuve
49,vache
49,lutte
49,position
49,question
49,jambe
49,oncle
49,genre
49,faim
49,passage
49,fil
49,doigt
49,début
49,machine
49,table
49,appel
49,objet
49,larme
49,peau
49,habitude
49,gauche
49,acte
49,principe
49,horizon
49,pierre
49,flamme
49,jardin
49,science
49,cause
49,façon
49,herbe
49,rose
49,lèvre
49,colline
49,chien
49,rapport
49,chambre
49,nord
49,arbre
49,désir
49,passion
49,oncle
49,peau
49,horizon
49,école
49,visage
49,rayon
49,chambre
49,appel
49,genre
49,façon
49,pierre
49,fil
49,jambe
49,cause
49,sens
49,jardin
49,larme
49,vin
49,acte
49,rôle
49,lune
49,mur
49,herbe
49,soeur
49,flamme
49,jeunesse
49,masse
49,morceau
49,passion
49,lit
49,preuve
49,machine
49,position
49,début
49,lutte
49,arbre
49,doigt
49,habitude
49,gauche
49,question
49,passage
49,faim
49,science
49,table
49,vache
49,nord
49,principe
49,page
49,rose
49,lèvre
49,objet
49,mari
49,rapport
49,désir
49,enfant
49,mer
49,chien
49,avis
49,colline
49,garçon
49,direction
49,toit
50,chien
50,jeunesse
50,habitude
50,façon
50,pierre
50,preuve
50,chambre
50,herbe
50,passion
50,mari
50,horizon
50,sens
50,question
50,lutte
50,peau
50,rose
50,genre
50,direction
50,fil
50,garçon
50,cause
50,rapport
50,colline
50,vache
50,toit
50,gauche
50,passage
50,mer
50,morceau
50,jardin
50,larme
50,avis
50,mur
50,visage
50,masse
50,arbre
50,position
50,enfant
50,science
50,nord
50,soeur
50,rôle
50,machine
50,rayon
50,table
50,objet
50,vin
50,acte
50,lune
50,désir
50,page
50,principe
50,oncle
50,faim
50,flamme
50,jambe
50,école
50,début
50,lit
50,appel
50,lèvre
50,doigt
50,arbre
50,flamme
50,nord
50,table
50,lèvre
50,vache
50,appel
50,sens
50,question
50,toit
50,morceau
50,chien
50,mari
50,cause
50,enfant
50,désir
50,garçon
50,mur
50,peau
50,lutte
50,oncle
50,soeur
50,direction
50,herbe
50,objet
50,début
50,fil
50,horizon
50,lune
50,rose
50,larme
50,doigt
50,pierre
50,colline
50,machine
50,position
50,acte
50,rayon
50,genre
50,lit
50,façon
50,masse
50,visage
50,jardin
50,gauche
50,faim
50,habitude
50,jeunesse
50,rôle
50,jambe
50,vin
50,preuve
50,passion
50,passage
50,page
50,avis
50,mer
50,principe
50,chambre
50,science
50,rapport
50,école
51,position
51,garçon
51,appel
51,rayon
51,jeunesse
51,arbre
51,visage
51,mur
51,lit
51,désir
51,principe
51,début
51,jardin
51,mari
51,lutte
51,genre
51,chambre
51,école
51,machine
51,mer
51,page
51,vin
51,façon
51,passion
51,chien
51,preuve
51,direction
51,nord
51,pierre
51,vache
51,sens
51,objet
51,rapport
51,gauche
51,morceau
51,enfant
51,larme
51,science
51,flamme
51,avis
51,lèvre
51,table
51,soeur
51,peau
51,oncle
51,fil
51,passage
51,question
51,habitude
51,jambe
51,faim
51,colline
51,rose
51,cause
51,herbe
51,rôle
51,horizon
51,acte
51,masse
51,lune
51,toit
51,doigt
51,masse
51,genre
51,oncle
51,lit
51,principe
51,colline
51,vache
51,nord
51,garçon
51,début
51,peau
51,chambre
51,appel
51,lèvre
51,rapport
51,lune
51,morceau
51,flamme
51,soeur
51,école
51,rôle
51,page
51,mer
51,sens
51,larme
51,mari
51,visage
51,fil
51,mur
51,direction
51,objet
51,gauche
51,rapport
51,flamme
51,passage
51,sens
51,visage
51,vin
51,habitude
51,fil
51,morceau
51,lit
51,machine
51,colline
51,masse
51,principe
51,faim
51,école
51,acte
51,lutte
51,arbre
51,rôle
51,oncle
51,rayon
51,jambe
51,jardin
51,vache
51,position
51,horizon
51,façon
51,rose
51,genre
52,science
52,faim
52,rôle
52,table
52,chambre
52,passage
52,mari
52,lèvre
52,vache
52,masse
52,arbre
52,soeur
52,toit
52,genre
52,position
52,page
52,lit
52,habitude
52,vin
52,rapport
52,horizon
52,début
52,oncle
52,avis
52,question
52,jeunesse
52,pierre
52,peau
52,rayon
52,jambe
52,flamme
52,garçon
52,visage
52,preuve
52,chien
52,cause
52,sens
52,enfant
52,lutte
52,façon
52,mur
52,rose
52,passion
52,mer
52,acte
52,école
52,fil
52,larme
52,lune
52,nord
52,morceau
52,herbe
52,objet
52,gauche
52,machine
52,désir
52,doigt
52,colline
52,direction
52,appel
52,principe
52,jardin
52,faim
52,passage
52,acte
52,cause
52,larme
52,sens
52,question
52,jardin
52,rôle
52,mur
52,rayon
52,mari
52,table
52,début
52,rose
52,horizon
52,garçon
52,herbe
52,mer
52,chien
52,genre
52,pierre
52,principe
52,morceau
52,position
52,enfant
52,peau
52,page
52,gauche
52,école
52,visage
52,flamme
52,toit
52,objet
52,passion
52,machine
52,preuve
52,avis
52,rapport
52,lutte
52,jambe
52,lèvre
52,science
52,direction
52,vache
52,arbre
52,habitude
52,colline
52,chambre
52,nord
52,vin
52,lit
52,appel
52,oncle
52,désir
52,jeunesse
52,soeur
52,doigt
52,fil
52,masse
52,lune
52,façon
53,horizon
53,lune
53,preuve
53,avis
53,passage
53,toit
53,lit
53,herbe
53,chambre
53,chien
53,gauche
53,position
53,direction
53,nord
53,garçon
53,sens
53,morceau
53,appel
53,objet
53,début
53,lutte
53,arbre
53,larme
53,mur
53,machine
53,visage
53,mer
53,école
53,oncle
53,genre
53,page
53,cause
53,désir
53,rapport
53,lèvre
53,habitude
53,science
53,flamme
53,colline
53,doigt
53,mari
53,passion
53,façon
53,rôle
53,question
53,jambe
53,masse
53,pierre
53,rose
53,vin
53,table
53,jeunesse
53,fil
53,acte
53,rayon
53,peau
53,jardin
53,vache
53,faim
53,enfant
53,principe
53,soeur
53,principe
53,pierre
53,science
53,vin
53,rôle
53,flamme
53,lit
53,désir
53,horizon
53,mari
53,faim
53,lèvre
53,genre
53,lune
53,machine
53,page
53,herbe
53,jeunesse
53,question
53,vache
53,visage
53,direction
53,morceau
53,habitude
53,acte
53,jardin
53,garçon
53,peau
53,fil
53,jambe
53,arbre
53,colline
53,nord
53,appel
53,façon
53,gauche
53,toit
53,larme
53,lutte
53,objet
53,rayon
53,chien
53,mer
53,mur
53,passion
53,position
53,preuve
53,table
53,rose
53,soeur
53,doigt
53,passage
53,sens
53,oncle
53,avis
53,rapport
53,cause
53,école
53,enfant
53,masse
53,début
53,chambre
54,rôle
54,sens
54,cause
54,principe
54,toit
54,rose
54,jeunesse
54,position
54,visage
54,gauche
54,jardin
54,lit
54,mari
54,lune
54,larme
54,vache
54,habitude
54,passage
54,objet
54,avis
54,arbre
54,direction
54,passion
54,lutte
54,appel
54,nord
54,oncle
54,début
54,faim
54,colline
54,mer
54,garçon
54,doigt
54,question
54,chien
54,école
54,lèvre
54,acte
54,machine
54,chambre
54,preuve
54,horizon
54,fil
54,rapport
54,page
54,rayon
54,peau
54,vin
54,table
54,science
54,enfant
54,genre
54,pierre
54,mur
54,soeur
54,morceau
54,herbe
54,jambe
54,façon
54,flamme
54,désir
54,masse
54,rapport
54,chambre
54,jambe
54,mari
54,lutte
54,oncle
54,doigt
54,jeunesse
54,objet
54,habitude
54,rôle
54,masse
54,début
54,direction
54,vache
54,faim
54,toit
54,sens
54,horizon
54,rose
54,mer
54,arbre
54,table
54,cause
54,herbe
54,position
54,désir
54,fil
54,garçon
54,mur
54,colline
54,rayon
54,passion
54,gauche
54,question
54,machine
54,flamme
54,avis
54,passage
54,école
54,morceau
54,façon
54,genre
54,lit
54,principe
54,enfant
54,soeur
54,acte
54,peau
54,pierre
54,lune
54,visage
54,page
54,nord
54,preuve
54,appel
54,larme
54,lèvre
54,science
54,vin
54,jardin
54,chien
55,passage
55,vin
55,lune
55,mer
55,visage
55,objet
55,masse
55,école
55,principe
55,enfant
55,appel
55,rapport
55,lit
55,vache
55,arbre
55,morceau
55,lutte
55,genre
55,toit
55,colline
55,herbe
55,horizon
55,lèvre
55,cause
55,position
55,page
55,début
55,oncle
55,machine
55,jambe
55,pierre
55,acte
55,jeunesse
55,preuve
55,chien
55,habitude
55,direction
55,sens
55,mur
55,rayon
55,question
55,table
55,mari
55,rôle
55,avis
55,faim
55,rose
55,nord
55,façon
55,flamme
55,passion
55,fil
55,soeur
55,désir
55,gauche
55,garçon
55,doigt
55,peau
55,larme
55,jardin
55,science
55,chambre
55,nord
55,garçon
55,larme
55,école
55,pierre
55,rose
55,peau
55,page
55,lutte
55,science
55,rayon
55,position
55,doigt
55,machine
55,sens
55,jambe
55,lune
55,flamme
55,faim
55,horizon
55,arbre
55,herbe
55,passage
55,preuve
55,appel
55,passion
55,question
55,cause
55,désir
55,jardin
55,vin
55,chambre
55,gauche
55,visage
55,fil
55,jeunesse
55,toit
55,objet
55,principe
55,colline
55,vache
55,lèvre
55,genre
55,rapport
55,avis
55,lit
55,enfant
55,oncle
55,rôle
55,soeur
55,mur
55,mer
55,morceau
55,habitude
55,chien
55,masse
55,façon
55,table
55,acte
55,début
55,direction
55,mari
56,oncle
56,jambe
56,peau
56,rayon
56,nord
56,faim
56,question
56,enfant
56,page
56,lune
56,rapport
56,toit
56,passion
56,mur
56,direction
56,début
56,sens
56,jeunesse
56,mer
56,herbe
56,lutte
56,école
56,cause
56,acte
56,position
56,morceau
56,larme
56,passage
56,visage
56,masse
56,objet
56,garçon
56,arbre
56,pierre
56,chien
56,habitude
56,doigt
56,table
56,horizon
56,science
56,lit
56,appel
56,gauche
56,avis
56,genre
56,preuve
56,rôle
56,vin
56,lèvre
56,jardin
56,colline
56,façon
56,chambre
56,machine
56,vache
56,soeur
56,mari
56,rose
56,fil
56,principe
56,désir
56,flamme
56,acte
56,rôle
56,fil
56,début
56,cause
56,chambre
56,rapport
56,flamme
56,désir
56,appel
56,lune
56,visage
56,page
56,sens
56,enfant
56,table
56,larme
56,lutte
56,colline
56,lit
56,question
56,mari
56,école
56,lèvre
56,pierre
56,mer
56,chien
56,genre
56,peau
56,faim
56,jambe
56,science
56,objet
56,vache
56,preuve
56,position
56,doigt
56,principe
56,nord
56,passage
56,rayon
56,toit
56,passion
56,horizon
56,jeunesse
56,masse
56,soeur
56,rose
56,façon
56,gauche
56,garçon
56,morceau
56,oncle
56,avis
56,mur
56,vin
56,habitude
56,direction
56,herbe
56,jardin
56,arbre
56,machine
57,visage
57,objet
57,flamme
57,jambe
57,acte
57,habitude
57,table
57,toit
57,oncle
57,lit
57,sens
57,passage
57,doigt
57,gauche
57,position
57,façon
57,désir
57,arbre
57,machine
57,rose
57,rapport
57,jardin
57,cause
57,masse
57,enfant
57,horizon
57,direction
57,avis
57,lèvre
57,mari
57,nord
57,genre
57,larme
57,début
57,garçon
57,faim
57,colline
57,lutte
57,pierre
57,preuve
57,rôle
57,page
57,appel
57,morceau
57,question
57,chien
57,rayon
57,herbe
57,principe
57,vin
57,fil
57,mer
57,mur
57,chambre
57,peau
57,science
57,vache
57,passion
57,lune
57,jeunesse
57,soeur
57,école
57,lèvre
57,vache
57,doigt
57,masse
57,mari
57,appel
57,principe
57,fil
57,rayon
57,nord
57,acte
57,rose
57,désir
57,colline
57,avis
57,direction
57,chien
57,objet
57,page
57,jardin
57,visage
57,enfant
57,arbre
57,table
57,rôle
57,peau
57,école
57,faim
57,cause
57,début
57,passage
57,pierre
57,garçon
57,jeunesse
57,herbe
57,rapport
57,chambre
57,lutte
57,toit
57,flamme
57,preuve
57,sens
57,lit
57,genre
57,question
57,morceau
57,position
57,lune
57,mur
57,habitude
57,mer
57,passion
57,gauche
57,larme
57,façon
57,soeur
57,horizon
57,science
57,jambe
57,vin
57,oncle
57,machine
58,mari
58,lit
58,gauche
58,soeur
58,acte
58,flamme
58,machine
58,nord
58,enfant
58,herbe
58,chien
58,masse
58,rayon
58,chambre
58,question
58,visage
58,mur
58,rapport
58,vache
58,larme
58,jeunesse
58,arbre
58,oncle
58,fil
58,toit
58,doigt
58,morceau
58,lutte
58,page
58,désir
58,cause
58,avis
58,école
58,peau
58,appel
58,passion
58,rôle
58,table
58,preuve
58,faim
58,garçon
58,lune
58,rose
58,passage
58,jambe
58,sens
58,mer
58,direction
58,pierre
58,vin
58,position
58,lèvre
58,jardin
58,habitude
58,début
58,principe
58,façon
58,science
58,objet
58,genre
58,horizon
58,colline
58,jeunesse
58,question
58,mur
58,jambe
58,direction
58,lutte
58,page
58,début
58,position
58,sens
58,lit
58,appel
58,table
58,mari
58,preuve
58,rose
58,science
58,chien
58,façon
58,morceau
58,passage
58,colline
58,habitude
58,rayon
58,flamme
58,arbre
58,genre
58,faim
58,passion
58,cause
58,soeur
58,doigt
58,école
58,objet
58,enfant
58,pierre
58,peau
58,lèvre
58,nord
58,horizon
58,visage
58,gauche
58,jardin
58,rôle
58,herbe
58,larme
58,désir
58,vin
58,rapport
58,mer
58,avis
58,principe
58,vache
58,acte
58,machine
58,lune
58,oncle
58,fil
58,masse
58,chambre
58,toit
58,garçon
59,habitude
59,doigt
59,preuve
59,début
59,rayon
59,visage
59,page
59,objet
59,façon
59,mari
59,mur
59,garçon
59,lit
59,rose
59,science
59,chambre
59,nord
59,rapport
59,flamme
59,arbre
59,position
59,peau
59,vache
59,herbe
59,mer
59,horizon
59,fil
59,toit
59,machine
59,avis
59,lèvre
59,colline
59,rôle
59,direction
59,pierre
59,passage
59,désir
59,lune
59,genre
59,lutte
59,jambe
59,appel
59,masse
59,faim
59,morceau
59,vin
59,jardin
59,cause
59,soeur
59,chien
59,enfant
59,question
59,acte
59,jeunesse
59,larme
59,gauche
59,principe
59,passion
59,table
59,école
59,oncle
59,sens
59,jardin
59,rose
59,vache
59,école
59,direction
59,mur
59,table
59,masse
59,machine
59,position
59,façon
59,page
59,passion
59,chien
59,enfant
59,jeunesse
59,cause
59,preuve
59,acte
59,horizon
59,soeur
59,jambe
59,lune
59,lutte
59,début
59,morceau
59,arbre
59,nord
59,larme
59,visage
59,faim
59,principe
59,gauche
59,question
59,mari
59,passage
59,lèvre
59,mer
59,lit
59,objet
59,colline
59,rôle
59,chambre
59,science
59,oncle
59,appel
59,genre
59,avis
59,rapport
59,habitude
59,fil
59,herbe
59,pierre
59,vin
59,doigt
59,garçon
59,sens
59,flamme
59,toit
59,désir
59,peau
59,rayon
60,colline
60,chambre
60,façon
60,peau
60,mer
60,herbe
60,horizon
60,question
60,visage
60,rôle
60,machine
60,habitude
60,passion
60,preuve
60,table
60,morceau
60,nord
60,lune
60,désir
60,genre
60,doigt
60,avis
60,cause
60,fil
60,lèvre
60,jeunesse
60,vin
60,toit
60,principe
60,jardin
60,arbre
60,flamme
60,vache
60,soeur
60,objet
60,pierre
60,page
60,acte
60,science
60,sens
60,lutte
60,rapport
60,enfant
60,école
60,mur
60,direction
60,masse
60,gauche
60,lit
60,jambe
60,position
60,rose
60,appel
60,rayon
60,oncle
60,chien
60,larme
60,faim
60,passage
60,début
60,garçon
60,mari
60,horizon
60,direction
60,vache
60,jeunesse
60,rose
60,arbre
60,avis
60,pierre
60,peau
60,lit
60,appel
60,début
60,larme
60,soeur
60,principe
60,genre
60,passage
60,enfant
60,sens
60,rapport
60,machine
60,gauche
60,lune
60,mari
60,façon
60,visage
60,lèvre
60,objet
60,lutte
60,fil
60,école
60,mur
60,colline
60,chien
60,morceau
60,faim
60,vin
60,toit
60,table
60,science
60,page
60,masse
60,jardin
60,passion
60,cause
60,rayon
60,flamme
60,chambre
60,rôle
60,habitude
60,position
60,doigt
60,garçon
60,oncle
60,preuve
60,herbe
60,mer
60,nord
60,question
60,acte
60,jambe
60,désir
61,début
61,chien
61,horizon
61,rapport
61,façon
61,jardin
61,nord
61,vin
61,enfant
61,arbre
61,doigt
61,école
61,machine
61,jambe
61,habitude
61,preuve
61,rôle
61,appel
61,vache
61,colline
61,mer
61,position
61,mur
61,question
61,masse
61,page
61,avis
61,visage
61,garçon
61,flamme
61,fil
61,soeur
61,lune
61,morceau
61,objet
61,lit
61,faim
61,direction
61,table
61,lutte
61,gauche
61,oncle
61,genre
61,acte
61,larme
61,jeunesse
61,rayon
61,sens
61,désir
61,pierre
61,rose
61,mari
61,cause
61,principe
61,lèvre
61,passion
61,peau
61,chambre
61,science
61,toit
61,passage
61,herbe
61,vache
61,rayon
61,rose
61,table
61,lèvre
61,toit
61,oncle
61,arbre
61,fil
61,larme
61,enfant
61,désir
61,chambre
61,lutte
61,mur
61,mer
61,appel
61,genre
61,début
61,façon
61,pierre
61,passion
61,jambe
61,soeur
61,cause
61,faim
61,herbe
61,gauche
61,rôle
61,peau
61,chien
61,rapport
61,jeunesse
61,nord
61,science
61,passage
61,lune
61,lit
61,morceau
61,masse
61,école
61,sens
61,page
61,question
61,principe
61,preuve
61,flamme
61,visage
61,colline
61,habitude
61,mari
61,doigt
61,avis
61,jardin
61,direction
61,acte
61,garçon
61,machine
61,objet
61,position
61,horizon
61,vin
62,position
62,morceau
62,enfant
62,chien
62,rayon
62,habitude
62,herbe
62,peau
62,chambre
62,acte
62,table
62,page
62,preuve
62,principe
62,vache
62,genre
62,pierre
62,lit
62,objet
62,jardin
62,doigt
62,nord
62,lutte
62,visage
62,cause
62,passion
62,toit
62,désir
62,direction
62,avis
62,appel
62,mari
62,rose
62,mur
62,machine
62,sens
62,jeunesse
62,question
62,début
62,lune
62,arbre
62,mer
62,école
62,horizon
62,science
62,jambe
62,rôle
62,gauche
62,colline
62,flamme
62,passage
62,soeur
62,faim
62,lèvre
62,garçon
62,façon
62,rapport
62,vin
62,oncle
62,fil
62,masse
62,larme
62,position
62,faim
62,mari
62,rayon
62,lèvre
62,lutte
62,rose
62,désir
62,question
62,horizon
62,jardin
62,morceau
62,jambe
62,genre
62,mur
62,colline
62,soeur
62,page
62,masse
62,école
62,fil
62,pierre
62,gauche
62,objet
62,larme
62,table
62,mer
62,visage
62,principe
62,vin
62,passage
62,avis
62,garçon
62,enfant
62,cause
62,flamme
62,oncle
62,rapport
62,preuve
62,direction
62,arbre
62,lit
62,doigt
62,toit
62,début
62,lune
62,rôle
62,sens
62,acte
62,façon
62,habitude
62,appel
62,jeunesse
62,passion
62,chien
62,herbe
62,machine
62,chambre
62,vache
62,science
62,nord
62,peau
63,lutte
63,morceau
63,horizon
63,question
63,masse
63,pierre
63,désir
63,chambre
63,visage
63,fil
63,chien
63,vin
63,acte
63,science
63,jambe
63,mari
63,rayon
63,direction
63,sens
63,appel
63,page
63,lit
63,arbre
63,habitude
63,soeur
63,jeunesse
63,colline
63,position
63,genre
63,herbe
63,gauche
63,doigt
63,mer
63,lune
63,rôle
63,façon
63,cause
63,rapport
63,larme
63,rose
63,école
63,vache
63,objet
63,avis
63,machine
63,mur
63,flamme
63,garçon
63,principe
63,table
63,nord
63,début
63,enfant
63,faim
63,passion
63,jardin
63,passage
63,oncle
63,preuve
63,lèvre
63,toit
63,peau
63,preuve
63,mur
63,morceau
63,oncle
63,soeur
63,objet
63,page
63,garçon
63,rose
63,question
63,appel
63,école
63,genre
63,jardin
63,herbe
63,colline
63,flamme
63,nord
63,gauche
63,fil
63,cause
63,lèvre
63,passage
63,chambre
63,rôle
63,début
63,lune
63,pierre
63,toit
63,mari
63,passion
63,jeunesse
63,habitude
63,visage
63,faim
63,rapport
63,avis
63,sens
63,principe
63,vache
63,vin
63,masse
63,mer
63,science
63,larme
63,doigt
63,désir
63,lutte
63,horizon
63,chien
63,enfant
63,acte
63,peau
63,arbre
63,table
63,façon
63,direction
63,machine
63,position
63,jambe
63,rayon
63,lit
64,sens
64,toit
64,gauche
64,acte
64,habitude
64,page
64,doigt
64,lune
64,table
64,horizon
64,nord
64,soeur
64,rayon
64,rose
64,oncle
64,mer
64,vin
64,machine
64,arbre
64,masse
64,science
64,jambe
64,mari
64,colline
64,lit
64,enfant
64,position
64,larme
64,preuve
64,genre
64,lèvre
64,jardin
64,appel
64,lutte
64,garçon
64,rôle
64,façon
64,pierre
64,herbe
64,rapport
64,chien
64,cause
64,peau
64,vache
64,mur
64,début
64,école
64,chambre
64,fil
64,passion
64,direction
64,objet
64,principe
64,morceau
64,question
64,visage
64,flamme
64,passage
64,désir
64,avis
64,faim
64,jeunesse
64,visage
64,faim
64,chien
64,vache
64,habitude
64,genre
64,rôle
64,lune
64,table
64,rayon
64,rapport
64,toit
64,gauche
64,colline
64,lèvre
64,garçon
64,lutte
64,enfant
64,arbre
64,nord
64,oncle
64,soeur
64,herbe
64,acte
64,position
64,machine
64,jambe
64,vin
64,passion
64,science
64,désir
64,façon
64,flamme
64,question
64,chambre
64,direction
64,avis
64,page
64,lit
64,appel
64,horizon
64,début
64,mari
64,doigt
64,rose
64,jeunesse
64,fil
64,école
64,jardin
64,objet
64,mur
64,mer
64,pierre
64,morceau
64,larme
64,principe
64,peau
64,passage
64,cause
64,preuve
64,masse
64,sens
65,machine
65,rose
65,herbe
65,mur
65,sens
65,rayon
65,lune
65,fil
65,appel
65,avis
65,principe
65,jeunesse
65,horizon
65,genre
65,masse
65,colline
65,façon
65,faim
65,jardin
65,oncle
65,position
65,passion
65,passage
65,page
65,acte
65,doigt
65,lit
65,toit
65,début
65,peau
65,direction
65,larme
65,morceau
65,jambe
65,lutte
65,lèvre
65,nord
65,soeur
65,enfant
65,science
65,arbre
65,mari
65,habitude
65,objet
65,école
65,rôle
65,pierre
65,flamme
65,preuve
65,rapport
65,vin
65,garçon
65,gauche
65,désir
65,cause
65,vache
65,table
65,question
65,visage
65,chambre
65,chien
65,mer
65,rayon
65,rôle
65,mari
65,larme
65,genre
65,position
65,flamme
65,sens
65,page
65,jeunesse
65,enfant
65,lèvre
65,façon
65,école
65,début
65,peau
65,lutte
65,colline
65,toit
65,masse
65,question
65,acte
65,lit
65,doigt
65,table
65,appel
65,jardin
65,principe
65,soeur
65,herbe
65,visage
65,objet
65,arbre
65,nord
65,oncle
65,rose
65,vin
65,garçon
65,pierre
65,habitude
65,passage
65,gauche
65,morceau
65,avis
65,direction
65,chambre
65,mur
65,fil
65,chien
65,science
65,machine
65,mer
65,preuve
65,faim
65,passion
65,horizon
65,vache
65,désir
65,cause
65,lune
65,rapport
65,jambe
66,science
66,rapport
66,lèvre
66,position
66,vin
66,direction
66,jeunesse
66,machine
66,cause
66,passage
66,table
66,soeur
66,page
66,nord
66,objet
66,chambre
66,genre
66,principe
66,habitude
66,preuve
66,passion
66,mari
66,arbre
66,mer
66,rose
66,masse
66,herbe
66,sens
66,flamme
66,pierre
66,larme
66,mur
66,question
66,oncle
66,garçon
66,fil
66,façon
66,vache
66,avis
66,rôle
66,doigt
66,acte
66,rayon
66,désir
66,début
66,appel
66,colline
66,jambe
66,peau
66,visage
66,chien
66,faim
66,école
66,horizon
66,lit
66,gauche
66,toit
66,morceau
66,enfant
66,jardin
66,lune
66,lutte
66,nord
66,mer
66,passage
66,école
66,machine
66,objet
66,position
66,désir
66,jardin
66,larme
66,preuve
66,faim
66,rôle
66,début
66,jambe
66,chambre
66,page
66,passion
66,lèvre
66,flamme
66,horizon
66,habitude
66,jeunesse
66,lit
66,mur
66,masse
66,pierre
66,question
66,arbre
66,sens
66,rose
66,principe
66,lutte
66,oncle
66,mari
66,direction
66,vache
66,lune
66,morceau
66,doigt
66,genre
66,soeur
66,vin
66,avis
66,acte
66,appel
66,peau
66,colline
66,chien
66,visage
66,rayon
66,table
66,gauche
66,herbe
66,toit
66,fil
66,science
66,cause
66,rapport
66,garçon
66,façon
66,enfant
67,enfant
67,morceau
67,rapport
67,mur
67,larme
67,masse
67,gauche
67,chien
67,table
67,rose
67,principe
67,oncle
67,lit
67,vin
67,vache
67,jambe
67,cause
67,colline
67,jardin
67,toit
67,objet
67,flamme
67,lutte
67,mari
67,sens
67,garçon
67,doigt
67,mer
67,chambre
67,avis
67,pierre
67,façon
67,question
67,preuve
67,direction
67,lune
67,lèvre
67,position
67,fil
67,acte
67,soeur
67,rayon
67,passion
67,nord
67,début
67,habitude
67,rôle
67,école
67,passage
67,faim
67,appel
67,arbre
67,genre
67,science
67,visage
67,peau
67,machine
67,horizon
67,herbe
67,jeunesse
67,désir
67,page
67,herbe
67,acte
67,peau
67,fil
67,vache
67,doigt
67,mari
67,rose
67,appel
67,jardin
67,science
67,garçon
67,lutte
67,larme
67,pierre
67,principe
67,soeur
67,objet
67,oncle
67,lune
67,table
67,visage
67,direction
67,masse
67,début
67,mur
67,habitude
67,cause
67,faim
67,rayon
67,sens
67,mer
67,preuve
67,enfant
67,école
67,lit
67,horizon
67,nord
67,page
67,arbre
67,colline
67,question
67,flamme
67,passion
67,position
67,avis
67,rôle
67,rapport
67,machine
67,chambre
67,genre
67,morceau
67,chien
67,lèvre
67,toit
67,gauche
67,passage
67,jambe
67,vin
67,désir
67,façon
67,jeunesse
68,question
68,lune
68,façon
68,horizon
68,position
68,objet
68,vin
68,acte
68,début
68,jardin
68,preuve
68,mer
68,chien
68,direction
68,rayon
68,rapport
68,peau
68,jeunesse
68,table
68,visage
68,habitude
68,herbe
68,lutte
68,lit
68,passion
68,rose
68,mur
68,cause
68,garçon
68,mari
68,arbre
68,pierre
68,désir
68,larme
68,colline
68,page
68,flamme
68,toit
68,passage
68,vache
68,appel
68,morceau
68,sens
68,avis
68,fil
68,principe
68,oncle
68,rôle
68,jambe
68,soeur
68,masse
68,enfant
68,doigt
68,faim
68,école
68,genre
68,gauche
68,science
68,lèvre
68,machine
68,chambre
68,nord
68,lèvre
68,colline
68,lutte
68,peau
68,garçon
68,page
68,larme
68,gauche
68,table
68,acte
68,flamme
68,avis
68,désir
68,pierre
68,lune
68,direction
68,fil
68,vache
68,jardin
68,sens
68,faim
68,visage
68,chambre
68,toit
68,doigt
68,appel
68,rôle
68,mur
68,mer
68,passage
68,début
68,rose
68,arbre
68,rayon
68,jambe
68,lit
68,façon
68,jeunesse
68,objet
68,machine
68,nord
68,principe
68,habitude
68,morceau
68,oncle
68,vin
68,horizon
68,enfant
68,soeur
68,herbe
68,chien
68,passion
68,masse
68,science
68,position
68,genre
68,cause
68,rapport
68,preuve
68,question
68,mari
68,école
69,arbre
69,herbe
69,lutte
69,habitude
69,passion
69,début
69,principe
69,vache
69,rayon
69,jardin
69,désir
69,rose
69,mer
69,jambe
69,colline
69,table
69,appel
69,fil
69,vin
69,page
69,chambre
69,façon
69,horizon
69,gauche
69,rôle
69,cause
69,oncle
69,nord
69,mari
69,chien
69,visage
69,morceau
69,larme
69,flamme
69,avis
69,garçon
69,acte
69,mur
69,rapport
69,enfant
69,question
69,jeunesse
69,soeur
69,passage
69,genre
69,direction
69,école
69,lit
69,lèvre
69,masse
69,toit
69,objet
69,lune
69,pierre
69,faim
69,position
69,preuve
69,science
69,sens
69,machine
69,peau
69,doigt
69,jambe
69,doigt
69,garçon
69,lutte
69,page
69,gauche
69,principe
69,machine
69,soeur
69,flamme
69,question
69,lune
69,rapport
69,lit
69,vin
69,pierre
69,vache
69,masse
69,morceau
69,oncle
69,sens
69,mari
69,herbe
69,fil
69,façon
69,mer
69,direction
69,cause
69,larme
69,arbre
69,colline
69,position
69,école
69,passage
69,nord
69,faim
69,rayon
69,acte
69,mur
69,enfant
69,genre
69,peau
69,lèvre
69,horizon
69,jardin
69,preuve
69,chambre
69,rôle
69,début
69,jeunesse
69,table
69,chien
69,habitude
69,science
69,rose
69,passion
69,avis
69,toit
69,visage
69,objet
69,appel
69,désir
70,lèvre
70,position
70,garçon
70,oncle
70,école
70,soeur
70,principe
70,jardin
70,genre
70,façon
70,avis
70,science
70,rapport
70,cause
70,rayon
70,herbe
70,page
70,jambe
70,question
70,rose
70,fil
70,morceau
70,colline
70,gauche
70,début
70,preuve
70,vin
70,masse
70,flamme
70,acte
70,visage
70,chien
70,mari
70,nord
70,jeunesse
70,direction
70,passion
70,passage
70,chambre
70,pierre
70,mur
70,doigt
70,vache
70,peau
70,désir
70,habitude
70,lune
70,objet
70,appel
70,mer
70,lutte
70,machine
70,toit
70,table
70,enfant
70,horizon
70,arbre
70,faim
70,lit
70,rôle
70,sens
70,larme
70,enfant
70,jambe
70,appel
70,lune
70,science
70,toit
70,doigt
70,fil
70,machine
70,nord
70,objet
70,oncle
70,cause
70,direction
70,garçon
70,flamme
70,acte
70,lèvre
70,page
70,gauche
70,passion
70,sens
70,rayon
70,position
70,vin
70,mur
70,rôle
70,pierre
70,lit
70,table
70,jardin
70,question
70,rapport
70,morceau
70,passage
70,habitude
70,preuve
70,mari
70,vache
70,faim
70,façon
70,horizon
70,colline
70,début
70,arbre
70,rose
70,jeunesse
70,lutte
70,peau
70,principe
70,chien
70,masse
70,larme
70,visage
70,genre
70,soeur
70,avis
70,école
70,chambre
70,désir
70,mer
70,herbe
71,début
71,vin
71,garçon
71,mer
71,lit
71,page
71,oncle
71,vache
71,larme
71,science
71,rapport
71,mari
71,arbre
71,peau
71,horizon
71,jeunesse
71,principe
71,direction
71,pierre
71,objet
71,acte
71,gauche
71,désir
71,façon
71,lèvre
71,enfant
71,masse
71,appel
71,mur
71,jardin
71,habitude
71,jambe
71,école
71,fil
71,colline
71,genre
71,lutte
71,nord
71,passion
71,preuve
71,morceau
71,position
71,chien
71,flamme
71,doigt
71,chambre
71,machine
71,lune
71,visage
71,toit
71,question
71,avis
71,rose
71,herbe
71,passage
71,rayon
71,rôle
71,table
71,cause
71,faim
71,sens
71,soeur
71,acte
71,question
71,jambe
71,herbe
71,lit
71,flamme
71,science
71,école
71,oncle
71,passage
71,façon
71,visage
71,jardin
71,doigt
71,colline
71,toit
71,chambre
71,avis
71,position
71,machine
71,lutte
71,lune
71,vin
71,page
71,mari
71,masse
71,cause
71,habitude
71,début
71,nord
71,lèvre
71,chien
71,peau
71,rayon
71,morceau
71,principe
71,genre
71,passion
71,rapport
71,appel
71,horizon
71,gauche
71,soeur
71,table
71,objet
71,enfant
71,sens
71,jeunesse
71,preuve
71,garçon
71,larme
71,mur
71,rôle
71,rose
71,pierre
71,faim
71,mer
71,direction
71,vache
71,désir
71,arbre
71,fil
72,acte
72,passion
72,mer
72,lutte
72,habitude
72,pierre
72,nord
72,objet
72,direction
72,rose
72,désir
72,table
72,faim
72,toit
72,école
72,oncle
72,arbre
72,gauche
72,science
72,principe
72,herbe
72,mur
72,lune
72,rôle
72,horizon
72,cause
72,appel
72,lit
72,avis
72,doigt
72,vin
72,preuve
72,position
72,façon
72,lèvre
72,vache
72,visage
72,machine
72,question
72,colline
72,garçon
72,genre
72,fil
72,masse
72,sens
72,flamme
72,chambre
72,larme
72,jambe
72,passage
72,enfant
72,soeur
72,peau
72,rayon
72,mari
72,jardin
72,page
72,rapport
72,chien
72,morceau
72,début
72,jeunesse
72,flamme
72,preuve
72,début
72,objet
72,visage
72,vache
72,mur
72,passage
72,machine
72,peau
72,soeur
72,rayon
72,mari
72,chambre
72,lèvre
72,école
72,horizon
72,avis
72,garçon
72,passion
72,toit
72,rapport
72,doigt
72,arbre
72,début
72,vin
72,avis
72,jeunesse
72,jardin
72,rose
72,chien
72,mari
72,question
72,lune
72,mer
72,gauche
72,appel
72,position
72,acte
72,enfant
72,habitude
72,façon
72,doigt
72,pierre
72,passion
72,nord
72,jambe
72,cause
72,rapport
72,oncle
72,morceau
72,herbe
72,masse
72,machine
72,principe
72,table
72,sens
72,faim
72,école
72,science
72,lèvre
72,garçon
73,machine
73,page
73,visage
73,fil
73,début
73,lutte
73,principe
73,direction
73,preuve
73,table
73,école
73,colline
73,genre
73,chambre
73,position
73,larme
73,lèvre
73,habitude
73,désir
73,question
73,herbe
73,peau
73,arbre
73,pierre
73,science
73,acte
73,mer
73,façon
73,jambe
73,doigt
73,cause
73,flamme
73,rose
73,mur
73,lit
73,sens
73,soeur
73,faim
73,oncle
73,garçon
73,gauche
73,mari
73,morceau
73,masse
73,lune
73,jardin
73,chien
73,toit
73,objet
73,passion
73,vache
73,avis
73,rapport
73,vin
73,rôle
73,horizon
73,jeunesse
73,rayon
73,passage
73,enfant
73,appel
73,nord
73,objet
73,oncle
73,désir
73,pierre
73,garçon
73,jeunesse
73,arbre
73,passion
73,lutte
73,chien
73,jardin
73,genre
73,flamme
73,visage
73,lune
73,soeur
73,chambre
73,machine
73,cause
73,peau
73,avis
73,rapport
73,école
73,début
73,façon
73,mer
73,larme
73,rose
73,principe
73,enfant
73,jambe
73,vache
73,question
73,morceau
73,direction
73,rayon
73,sens
73,masse
73,page
73,preuve
73,science
73,nord
73,passage
73,rôle
73,faim
73,acte
73,lèvre
73,gauche
73,fil
73,colline
73,toit
73,mur
73,doigt
73,herbe
73,vin
73,position
73,lit
73,appel
73,mari
73,table
73,horizon
73,habitude
74,lèvre
74,mur
74,fil
74,genre
74,chambre
74,école
74,larme
74,mari
74,pierre
74,masse
74,façon
74,nord
74,jardin
74,lit
74,oncle
74,peau
74,passion
74,doigt
74,passage
74,vache
74,horizon
74,acte
74,sens
74,flamme
74,machine
74,rose
74,cause
74,rapport
74,appel
74,table
74,science
74,rôle
74,début
74,avis
74,preuve
74,désir
74,page
74,vin
74,lutte
74,jeunesse
74,principe
74,chien
74,arbre
74,mer
74,objet
74,habitude
74,enfant
74,soeur
74,faim
74,toit
74,direction
74,question
74,lune
74,colline
74,garçon
74,rayon
74,herbe
74,position
74,jambe
74,gauche
74,morceau
74,visage
74,toit
74,page
74,preuve
74,larme
74,rôle
74,jambe
74,passage
74,vin
74,pierre
74,jardin
74,principe
74,lutte
74,lune
74,rayon
74,science
74,machine
74,doigt
74,désir
74,avis
74,chambre
74,chien
74,herbe
74,nord
74,peau
74,sens
74,objet
74,rapport
74,soeur
74,direction
74,début
74,lit
74,oncle
74,appel
74,flamme
74,rose
74,lèvre
74,masse
74,morceau
74,mur
74,fil
74,position
74,genre
74,jeunesse
74,mari
74,garçon
74,arbre
74,habitude
74,vache
74,façon
74,acte
74,faim
74,enfant
74,question
74,table
74,cause
74,horizon
74,colline
74,école
74,passion
74,gauche
74,mer
74,visage
75,doigt
75,mur
75,table
75,visage
75,habitude
75,oncle
75,passion
75,chien
75,direction
75,larme
75,avis
75,mari
75,désir
75,colline
75,lèvre
75,sens
75,masse
75,morceau
75,machine
75,objet
75,herbe
75,rôle
75,façon
75,soeur
75,chambre
75,question
75,position
75,nord
75,fil
75,acte
75,preuve
75,page
75,lune
75,principe
75,début
75,lutte
75,cause
75,pierre
75,rose
75,lit
75,peau
75,gauche
75,arbre
75,mer
75,école
75,rayon
75,vache
75,science
75,flamme
75,horizon
75,faim
75,enfant
75,jardin
75,jambe
75,vin
75,genre
75,appel
75,toit
75,passage
75,garçon
75,jeunesse
75,rapport
75,mari
75,mur
75,acte
75,lit
75,jambe
75,école
75,façon
75,désir
75,lune
75,morceau
75,oncle
75,fil
75,mari
75,vache
75,mur
75,machine
75,désir
75,visage
75,rôle
75,acte
75,herbe
75,garçon
75,question
75,passage
75,toit
75,cause
75,gauche
75,larme
75,mer
75,masse
75,morceau
75,soeur
75,page
75,lune
75,oncle
75,chien
75,appel
75,pierre
75,lutte
75,rayon
75,avis
75,genre
75,colline
75,début
75,passion
75,faim
75,jardin
75,nord
75,table
75,jambe
75,fil
75,sens
75,direction
75,preuve
75,objet
75,façon
75,flamme
75,science
75,rose
75,principe
75,habitude
75,lit
76,appel
76,nord
76,façon
76,colline
76,enfant
76,larme
76,habitude
76,jardin
76,lutte
76,école
76,mur
76,lit
76,désir
76,peau
76,preuve
76,mari
76,table
76,vache
76,garçon
76,rose
76,direction
76,objet
76,arbre
76,chien
76,gauche
76,faim
76,passage
76,rapport
76,herbe
76,soeur
76,masse
76,rôle
76,cause
76,sens
76,doigt
76,position
76,oncle
76,mer
76,acte
76,début
76,lèvre
76,vin
76,chambre
76,passion
76,morceau
76,horizon
76,pierre
76,avis
76,rayon
76,genre
76,visage
76,question
76,principe
76,jeunesse
76,flamme
76,science
76,toit
76,machine
76,jambe
76,page
76,lune
76,fil
76,jeunesse
76,passion
76,flamme
76,rôle
76,herbe
76,doigt
76,vache
76,machine
76,chien
76,passage
76,lune
76,rayon
76,horizon
76,faim
76,enfant
76,cause
76,fil
76,rapport
76,mari
76,table
76,visage
76,soeur
76,acte
76,nord
76,mur
76,école
76,preuve
76,objet
76,vin
76,mer
76,question
76,peau
76,début
76,arbre
76,jambe
76,sens
76,appel
76,morceau
76,direction
76,lutte
76,avis
76,masse
76,chambre
76,garçon
76,désir
76,toit
76,genre
76,rose
76,jardin
76,lit
76,lèvre
76,colline
76,page
76,gauche
76,larme
76,science
76,pierre
76,oncle
76,habitude
76,principe
76,position
76,façon
77,jambe
77,page
77,vache
77,herbe
77,jeunesse
77,désir
77,direction
77,passage
77,larme
77,rapport
77,arbre
77,nord
77,gauche
77,enfant
77,machine
77,toit
77,mur
77,avis
77,rôle
77,question
77,lit
77,lune
77,habitude
77,vin
77,oncle
77,genre
77,sens
77,garçon
77,pierre
77,table
77,colline
77,faim
77,appel
77,doigt
77,chien
77,morceau
77,lutte
77,cause
77,acte
77,science
77,visage
77,principe
77,fil
77,objet
77,rayon
77,rose
77,horizon
77,passion
77,école
77,peau
77,soeur
77,début
77,chambre
77,masse
77,mari
77,jardin
77,position
77,preuve
77,flamme
77,façon
77,mer
77,lèvre
77,habitude
77,faim
77,début
77,oncle
77,école
77,vache
77,nord
77,horizon
77,chambre
77,doigt
77,mari
77,garçon
77,morceau
77,rapport
77,vin
77,peau
77,cause
77,herbe
77,question
77,position
77,table
77,façon
77,lutte
77,jardin
77,pierre
77,science
77,principe
77,machine
77,preuve
77,enfant
77,passion
77,flamme
77,rayon
77,acte
77,rose
77,genre
77,masse
77,avis
77,toit
77,page
77,lèvre
77,direction
77,arbre
77,gauche
77,désir
77,mer
77,jambe
77,passage
77,lit
77,jeunesse
77,lune
77,appel
77,colline
77,chien
77,rôle
77,larme
77,soeur
77,visage
77,objet
77,mur
77,sens
77,fil
78,façon
78,doigt
78,rose
78,chambre
78,colline
78,jardin
78,appel
78,passage
78,morceau
78,visage
78,lutte
78,passion
78,objet
78,vin
78,désir
78,chien
78,table
78,genre
78,fil
78,soeur
78,vache
78,masse
78,acte
78,lune
78,début
78,mari
78,gauche
78,larme
78,habitude
78,faim
78,herbe
78,mur
78,école
78,principe
78,cause
78,lit
78,peau
78,lèvre
78,preuve
78,flamme
78,rapport
78,rôle
78,machine
78,avis
78,oncle
78,jambe
78,question
78,rayon
78,pierre
78,sens
78,direction
78,science
78,enfant
78,nord
78,position
78,toit
78,page
78,horizon
78,garçon
78,arbre
78,mer
78,jeunesse
78,visage
78,herbe
78,page
78,toit
78,rapport
78,jambe
78,science
78,oncle
78,chien
78,principe
78,peau
78,nord
78,lutte
78,faim
78,passion
78,question
78,enfant
78,chambre
78,façon
78,masse
78,pierre
78,genre
78,appel
78,vache
78,lèvre
78,école
78,objet
78,sens
78,habitude
78,avis
78,jeunesse
78,arbre
78,garçon
78,preuve
78,lune
78,table
78,jardin
78,vin
78,fil
78,mur
78,acte
78,doigt
78,soeur
78,gauche
78,larme
78,flamme
78,lit
78,rayon
78,rôle
78,rose
78,cause
78,passage
78,horizon
78,direction
78,position
78,machine
78,morceau
78,colline
78,mer
78,désir
78,début
78,mari
79,direction
79,colline
79,faim
79,question
79,rayon
79,passion
79,vache
79,lutte
79,nord
79,appel
79,visage
79,mur
79,science
79,mari
79,jeunesse
79,lune
79,position
79,toit
79,enfant
79,vin
79,machine
79,acte
79,désir
79,garçon
79,doigt
79,horizon
79,masse
79,début
79,rôle
79,chambre
79,école
79,gauche
79,oncle
79,soeur
79,genre
79,table
79,page
79,objet
79,lèvre
79,jardin
79,lit
79,sens
79,rose
79,cause
79,preuve
79,pierre
79,façon
79,peau
79,arbre
79,morceau
79,avis
79,chien
79,fil
79,rapport
79,flamme
79,jambe
79,principe
79,passage
79,larme
79,herbe
79,mer
79,habitude
79,lutte
79,garçon
79,larme
79,morceau
79,mer
79,passage
79,chien
79,gauche
79,faim
79,direction
79,cause
79,rapport
79,objet
79,horizon
79,début
79,vin
79,page
79,nord
79,lit
79,oncle
79,question
79,chambre
79,enfant
79,fil
79,école
79,machine
79,passion
79,mur
79,désir
79,toit
79,sens
79,jambe
79,peau
79,acte
79,habitude
79,colline
79,lèvre
79,position
79,pierre
79,table
79,soeur
79,lune
79,jardin
79,rose
79,avis
79,genre
79,façon
79,herbe
79,principe
79,mari
79,visage
79,rôle
79,vache
79,jeunesse
79,flamme
79,science
79,appel
79,masse
79,arbre
79,doigt
79,rayon
79,preuve
80,doigt
80,question
80,appel
80,rose
80,vache
80,flamme
80,pierre
80,genre
80,avis
80,habitude
80,jeunesse
80,chien
80,jambe
80,page
80,chambre
80,acte
80,peau
80,lutte
80,mari
80,science
80,cause
80,horizon
80,table
80,colline
80,toit
80,fil
80,école
80,mur
80,désir
80,arbre
80,enfant
80,début
80,larme
80,lèvre
80,masse
80,passion
80,objet
80,principe
80,gauche
80,façon
80,garçon
80,direction
80,mer
80,passage
80,machine
80,herbe
80,nord
80,rapport
80,jardin
80,rôle
80,visage
80,rayon
80,lune
80,soeur
80,sens
80,faim
80,lit
80,vin
80,position
80,morceau
80,oncle
80,preuve
80,enfant
80,table
80,façon
80,mari
80,passage
80,mur
80,jambe
80,science
80,morceau
80,larme
80,début
80,toit
80,sens
80,preuve
80,position
80,colline
80,avis
80,rôle
80,lèvre
80,nord
80,arbre
80,soeur
80,visage
80,rose
80,peau
80,objet
80,passion
80,désir
80,chambre
80,mer
80,acte
80,faim
80,jardin
80,habitude
80,genre
80,oncle
80,horizon
80,lune
80,gauche
80,lutte
80,doigt
80,machine
80,question
80,vin
80,page
80,garçon
80,principe
80,lit
80,fil
80,rayon
80,cause
80,direction
80,vache
80,pierre
80,herbe
80,masse
80,appel
80,chien
80,jeunesse
80,flamme
80,école
80,rapport
81,nord
81,principe
81,doigt
81,chambre
81,genre
81,visage
81,sens
81,oncle
81,vin
81,masse
81,faim
81,colline
81,passage
81,désir
81,cause
81,chien
81,peau
81,direction
81,rôle
81,horizon
81,larme
81,morceau
81,garçon
81,preuve
81,mur
81,herbe
81,enfant
81,mer
81,fil
81,machine
81,table
81,vache
81,lèvre
81,école
81,flamme
81,soeur
81,science
81,lutte
81,gauche
81,jeunesse
81,habitude
81,rapport
81,rose
81,arbre
81,avis
81,page
81,lune
81,pierre
81,début
81,jardin
81,lit
81,question
81,mari
81,position
81,passion
81,objet
81,jambe
81,acte
81,rayon
81,façon
81,toit
81,appel
81,rapport
81,visage
81,lune
81,pierre
81,genre
81,oncle
81,science
81,jambe
81,question
81,toit
81,masse
81,début
81,table
81,mer
81,chien
81,objet
81,lèvre
81,morceau
81,enfant
81,lit
81,page
81,mur
81,école
81,rayon
81,passion
81,sens
81,nord
81,garçon
81,gauche
81,position
81,larme
81,preuve
81,désir
81,passage
81,façon
81,doigt
81,direction
81,chambre
81,jardin
81,horizon
81,jeunesse
81,soeur
81,herbe
81,colline
81,machine
81,cause
81,appel
81,fil
81,peau
81,avis
81,vin
81,arbre
81,mari
81,rôle
81,rose
81,acte
81,faim
81,habitude
81,principe
81,vache
81,lutte
81,flamme
82,mari
82,enfant
82,question
82,passion
82,flamme
82,jambe
82,soeur
82,visage
82,façon
82,lit
82,principe
82,page
82,chien
82,objet
82,désir
82,rayon
82,cause
82,arbre
82,lune
82,école
82,oncle
82,rose
82,sens
82,science
82,garçon
82,passage
82,masse
82,début
82,jeunesse
82,nord
82,lèvre
82,rapport
82,vache
82,herbe
82,doigt
82,habitude
82,direction
82,avis
82,larme
82,jardin
82,mur
82,table
82,colline
82,machine
82,genre
82,preuve
82,morceau
82,appel
82,toit
82,faim
82,chambre
82,horizon
82,gauche
82,peau
82,fil
82,pierre
82,acte
82,rôle
82,mer
82,vin
82,position
82,lutte
82,rôle
82,chambre
82,désir
82,rose
82,horizon
82,herbe
82,lit
82,lune
82,gauche
82,cause
82,morceau
82,visage
82,façon
82,masse
82,doigt
82,mari
82,genre
82,position
82,oncle
82,arbre
82,passage
82,table
82,peau
82,toit
82,objet
82,page
82,larme
82,machine
82,sens
82,acte
82,mer
82,pierre
82,rapport
82,appel
82,jardin
82,chien
82,flamme
82,question
82,fil
82,début
82,nord
82,jeunesse
82,jambe
82,direction
82,avis
82,enfant
82,principe
82,science
82,vache
82,lutte
82,vin
82,mur
82,colline
82,rayon
82,passion
82,soeur
82,preuve
82,faim
82,lèvre
82,école
82,habitude
82,garçon
83,rapport
83,acte
83,appel
83,début
83,science
83,toit
83,sens
83,principe
83,façon
83,passage
83,jardin
83,rayon
83,chambre
83,gauche
83,objet
83,jeunesse
83,table
83,colline
83,mur
83,nord
83,rose
83,preuve
83,lutte
83,fil
83,pierre
83,arbre
83,oncle
83,avis
83,masse
83,rôle
83,enfant
83,page
83,machine
83,position
83,vache
83,direction
83,passion
83,vin
83,larme
83,cause
83,lit
83,désir
83,doigt
83,flamme
83,garçon
83,faim
83,visage
83,genre
83,école
83,question
83,mari
83,soeur
83,lèvre
83,habitude
83,jambe
83,peau
83,mer
83,horizon
83,herbe
83,chien
83,lune
83,morceau
83,désir
83,herbe
83,avis
83,vin
83,rayon
83,arbre
83,peau
83,sens
83,lèvre
83,jardin
83,flamme
83,appel
83,masse
83,acte
83,doigt
83,cause
83,garçon
83,début
83,fil
83,rapport
83,chien
83,colline
83,oncle
83,horizon
83,pierre
83,faim
83,genre
83,nord
83,enfant
83,morceau
83,machine
83,chambre
83,habitude
83,mer
83,direction
83,mur
83,mari
83,école
83,lit
83,question
83,passion
83,jambe
83,table
83,soeur
83,principe
83,lune
83,objet
83,page
83,rose
83,preuve
83,position
83,gauche
83,jeunesse
83,visage
83,larme
83,façon
83,science
83,lutte
83,passage
83,toit
83,rôle
83,vache
84,lune
84,vache
84,morceau
84,mer
84,faim
84,mur
84,fil
84,jambe
84,désir
84,science
84,rôle
84,soeur
84,jeunesse
84,page
84,horizon
84,direction
84,début
84,passion
84,nord
84,doigt
84,position
84,cause
84,lit
84,arbre
84,peau
84,avis
84,gauche
84,passage
84,garçon
84,habitude
84,herbe
84,sens
84,oncle
84,rapport
84,question
84,façon
84,flamme
84,chien
84,visage
84,colline
84,vin
84,lèvre
84,chambre
84,pierre
84,appel
84,machine
84,acte
84,rayon
84,école
84,masse
84,principe
84,jardin
84,mari
84,table
84,toit
84,genre
84,enfant
84,larme
84,objet
84,preuve
84,rose
84,lutte
84,toit
84,vache
84,rôle
84,doigt
84,école
84,rose
84,soeur
84,lit
84,rayon
84,appel
84,désir
84,passion
84,rapport
84,lèvre
84,lune
84,pierre
84,façon
84,masse
84,herbe
84,visage
84,horizon
84,nord
84,lutte
84,machine
84,passage
84,oncle
84,page
84,fil
84,larme
84,flamme
84,avis
84,science
84,jardin
84,mur
84,position
84,chambre
84,enfant
84,direction
84,arbre
84,genre
84,morceau
84,mari
84,début
84,jambe
84,question
84,table
84,cause
84,objet
84,colline
84,chien
84,garçon
84,vin
84,gauche
84,acte
84,faim
84,principe
84,sens
84,mer
84,peau
84,habitude
84,preuve
84,jeunesse
85,preuve
85,mer
85,fil
85,jambe
85,enfant
85,sens
85,passion
85,question
85,masse
85,oncle
85,herbe
85,mur
85,rose
85,lèvre
85,début
85,flamme
85,visage
85,chambre
85,faim
85,jeunesse
85,cause
85,acte
85,habitude
85,désir
85,chien
85,principe
85,genre
85,morceau
85,larme
85,façon
85,rapport
85,peau
85,toit
85,objet
85,rayon
85,avis
85,pierre
85,science
85,passage
85,position
85,rôle
85,gauche
85,nord
85,vin
85,appel
85,horizon
85,soeur
85,garçon
85,machine
85,lutte
85,arbre
85,mari
85,table
85,direction
85,colline
85,lit
85,vache
85,lune
85,école
85,doigt
85,page
85,jardin
85,façon
85,toit
85,mur
85,faim
85,lèvre
85,colline
85,avis
85,rose
85,flamme
85,sens
85,mari
85,objet
85,principe
85,page
85,pierre
85,jambe
85,rôle
85,rayon
85,rapport
85,machine
85,science
85,école
85,chambre
85,lune
85,fil
85,preuve
85,masse
85,garçon
85,désir
85,soeur
85,morceau
85,mer
85,visage
85,lutte
85,genre
85,cause
85,larme
85,début
85,appel
85,nord
85,oncle
85,vin
85,lit
85,doigt
85,table
85,position
85,direction
85,horizon
85,question
85,peau
85,passage
85,arbre
85,jardin
85,jeunesse
85,enfant
85,vache
85,chien
85,habitude
85,herbe
85,passion
85,acte
85,gauche
86,genre
86,passion
86,morceau
86,colline
86,enfant
86,mari
86,faim
86,passage
86,nord
86,vache
86,rapport
86,vin
86,peau
86,jambe
86,table
86,jeunesse
86,désir
86,chambre
86,larme
86,lutte
86,façon
86,toit
86,mur
86,oncle
86,principe
86,lit
86,arbre
86,jardin
86,garçon
86,début
86,école
86,fil
86,preuve
86,science
86,question
86,page
86,doigt
86,mer
86,rayon
86,direction
86,objet
86,rose
86,habitude
86,lune
86,cause
86,flamme
86,gauche
86,appel
86,chien
86,horizon
86,herbe
86,position
86,pierre
86,acte
86,sens
86,avis
86,rôle
86,soeur
86,masse
86,lèvre
86,visage
86,machine
86,jambe
86,peau
86,rose
86,passage
86,avis
86,lit
86,masse
86,début
86,vin
86,genre
86,vache
86,soeur
86,morceau
86,façon
86,jardin
86,fil
86,chambre
86,cause
86,visage
86,machine
86,école
86,herbe
86,arbre
86,mur
86,objet
86,flamme
86,faim
86,passion
86,pierre
86,lèvre
86,horizon
86,sens
86,rôle
86,toit
86,nord
86,enfant
86,table
86,mari
86,acte
86,garçon
86,page
86,lutte
86,mer
86,habitude
86,preuve
86,rayon
86,larme
86,question
86,colline
86,désir
86,science
86,doigt
86,principe
86,appel
86,chien
86,lune
86,rapport
86,jeunesse
86,oncle
86,gauche
86,position
86,direction
87,façon
87,mari
87,position
87,garçon
87,masse
87,objet
87,lutte
87,direction
87,désir
87,faim
87,colline
87,lune
87,peau
87,principe
87,oncle
87,vache
87,arbre
87,acte
87,passion
87,doigt
87,mer
87,toit
87,herbe
87,sens
87,rayon
87,horizon
87,enfant
87,cause
87,visage
87,appel
87,lèvre
87,nord
87,pierre
87,rapport
87,mur
87,vin
87,machine
87,page
87,rose
87,habitude
87,jardin
87,gauche
87,rôle
87,table
87,science
87,morceau
87,fil
87,chambre
87,question
87,soeur
87,flamme
87,lit
87,école
87,genre
87,passage
87,début
87,jambe
87,preuve
87,larme
87,jeunesse
87,avis
87,chien
87,avis
87,sens
87,flamme
87,question
87,table
87,jardin
87,herbe
87,lune
87,doigt
87,nord
87,chambre
87,toit
87,gauche
87,mari
87,horizon
87,rose
87,chien
87,école
87,rayon
87,objet
87,lit
87,garçon
87,enfant
87,arbre
87,preuve
87,peau
87,vache
87,passage
87,masse
87,position
87,direction
87,appel
87,passion
87,façon
87,jeunesse
87,soeur
87,fil
87,colline
87,science
87,visage
87,acte
87,mer
87,principe
87,cause
87,machine
87,page
87,morceau
87,faim
87,pierre
87,larme
87,rapport
87,jambe
87,lèvre
87,habitude
87,lutte
87,vin
87,désir
87,genre
87,mur
87,rôle
87,oncle
87,début
88,morceau
88,rapport
88,science
88,début
88,façon
88,vin
88,mari
88,nord
88,acte
88,sens
88,gauche
88,genre
88,visage
88,peau
88,lune
88,chien
88,jeunesse
88,appel
88,lèvre
88,faim
88,cause
88,vache
88,passion
88,école
88,direction
88,toit
88,position
88,lit
88,masse
88,fil
88,chambre
88,colline
88,larme
88,mer
88,soeur
88,rayon
88,jardin
88,jambe
88,horizon
88,arbre
88,oncle
88,herbe
88,avis
88,mur
88,preuve
88,pierre
88,rose
88,passage
88,désir
88,garçon
88,table
88,doigt
88,enfant
88,principe
88,rôle
88,page
88,habitude
88,flamme
88,objet
88,question
88,lutte
88,machine
88,genre
88,lit
88,avis
88,science
88,soeur
88,jardin
88,herbe
88,toit
88,passage
88,doigt
88,début
88,morceau
88,appel
88,fil
88,page
88,lune
88,lèvre
88,horizon
88,mur
88,chambre
88,lutte
88,jeunesse
88,masse
88,acte
88,peau
88,colline
88,cause
88,flamme
88,nord
88,sens
88,table
88,vache
88,arbre
88,passion
88,principe
88,preuve
88,école
88,garçon
88,gauche
88,objet
88,faim
88,oncle
88,mer
88,pierre
88,position
88,habitude
88,chien
88,rose
88,rôle
88,visage
88,rapport
88,machine
88,question
88,vin
88,désir
88,jambe
88,mari
88,enfant
88,rayon
88,direction
88,façon
88,larme
89,école
89,page
89,désir
89,principe
89,jeunesse
89,lit
89,oncle
89,preuve
89,direction
89,cause
89,herbe
89,colline
89,rôle
89,rayon
89,genre
89,vin
89,masse
89,mur
89,arbre
89,habitude
89,soeur
89,doigt
89,larme
89,toit
89,enfant
89,nord
89,passion
89,rose
89,peau
89,morceau
89,gauche
89,table
89,avis
89,flamme
89,mari
89,sens
89,position
89,lune
89,jardin
89,chien
89,vache
89,jambe
89,garçon
89,faim
89,pierre
89,science
89,fil
89,lutte
89,objet
89,passage
89,appel
89,acte
89,lèvre
89,façon
89,question
89,mer
89,horizon
89,chambre
89,machine
89,rapport
89,début
89,visage
89,machine
89,chambre
89,vin
89,sens
89,appel
89,morceau
89,jeunesse
89,rôle
89,passion
89,façon
89,enfant
89,garçon
89,oncle
89,cause
89,genre
89,direction
89,horizon
89,avis
89,jardin
89,question
89,science
89,doigt
89,habitude
89,jambe
89,fil
89,herbe
89,masse
89,gauche
89,soeur
89,rayon
89,vache
89,toit
89,acte
89,rose
89,pierre
89,table
89,lit
89,chien
89,objet
89,lèvre
89,page
89,peau
89,désir
89,faim
89,arbre
89,début
89,principe
89,passage
89,rapport
89,lutte
89,position
89,nord
89,mur
89,flamme
89,mer
89,visage
89,colline
89,larme
89,lune
89,preuve
89,mari
89,école
90,oncle
90,soeur
90,mari
90,genre
90,école
90,lèvre
90,façon
90,horizon
90,début
90,colline
90,machine
90,vache
90,science
90,jeunesse
90,jardin
90,rayon
90,faim
90,sens
90,objet
90,peau
90,principe
90,morceau
90,visage
90,rapport
90,fil
90,avis
90,position
90,acte
90,lune
90,nord
90,question
90,passion
90,herbe
90,habitude
90,doigt
90,cause
90,page
90,mur
90,arbre
90,jambe
90,rôle
90,garçon
90,preuve
90,désir
90,mer
90,flamme
90,vin
90,chambre
90,lutte
90,enfant
90,lit
90,gauche
90,passage
90,appel
90,rose
90,table
90,masse
90,toit
90,direction
90,pierre
90,chien
90,larme
90,façon
90,début
90,page
90,acte
90,faim
90,rapport
90,science
90,habitude
90,chambre
90,chien
90,passage
90,école
90,lune
90,vache
90,fil
90,soeur
90,passion
90,table
90,mer
90,genre
90,avis
90,morceau
90,masse
90,rôle
90,machine
90,enfant
90,gauche
90,nord
90,toit
90,cause
90,position
90,jardin
90,objet
90,larme
90,arbre
90,jeunesse
90,herbe
90,peau
90,colline
90,appel
90,lèvre
90,horizon
90,flamme
90,question
90,pierre
90,visage
90,vin
90,doigt
90,preuve
90,oncle
90,sens
90,lutte
90,garçon
90,direction
90,lit
90,jambe
90,mari
90,mur
90,désir
90,rose
90,rayon
90,principe
91,garçon
91,arbre
91,passage
91,fil
91,table
91,toit
91,lèvre
91,lutte
91,façon
91,mari
91,rose
91,faim
91,jambe
91,page
91,objet
91,école
91,lune
91,morceau
91,preuve
91,doigt
91,acte
91,gauche
91,position
91,machine
91,sens
91,genre
91,science
91,passion
91,jeunesse
91,enfant
91,larme
91,début
91,soeur
91,vin
91,chien
91,chambre
91,jardin
91,appel
91,visage
91,oncle
91,peau
91,rôle
91,lit
91,mer
91,avis
91,mur
91,herbe
91,vache
91,habitude
91,cause
91,flamme
91,rayon
91,colline
91,pierre
91,masse
91,principe
91,nord
91,horizon
91,rapport
91,direction
91,question
91,désir
91,colline
91,mer
91,passion
91,position
91,machine
91,herbe
91,preuve
91,peau
91,visage
91,mari
91,morceau
91,jeunesse
91,appel
91,avis
91,principe
91,garçon
91,école
91,masse
91,faim
91,habitude
91,larme
91,cause
91,acte
91,doigt
91,lit
91,passage
91,soeur
91,page
91,sens
91,rôle
91,flamme
91,toit
91,désir
91,genre
91,rayon
91,lutte
91,lune
91,façon
91,objet
91,science
91,rose
91,oncle
91,fil
91,arbre
91,lèvre
91,chien
91,question
91,jambe
91,pierre
91,chambre
91,direction
91,jardin
91,vache
91,vin
91,rapport
91,début
91,table
91,horizon
91,gauche
91,nord
91,enfant
91,mur
92,question
92,mur
92,page
92,colline
92,nord
92,jeunesse
92,table
92,mer
92,avis
92,fil
92,lit
92,rose
92,direction
92,chambre
92,école
92,habitude
92,cause
92,rapport
92,gauche
92,arbre
92,jambe
92,oncle
92,objet
92,preuve
92,masse
92,façon
92,faim
92,flamme
92,jardin
92,sens
92,machine
92,acte
92,chien
92,rayon
92,science
92,lutte
92,larme
92,principe
92,toit
92,vin
92,genre
92,position
92,passion
92,pierre
92,début
92,horizon
92,soeur
92,vache
92,doigt
92,garçon
92,lune
92,visage
92,enfant
92,rôle
92,herbe
92,lèvre
92,mari
92,passage
92,désir
92,appel
92,morceau
92,peau
92,flamme
92,rose
92,science
92,larme
92,morceau
92,cause
92,mari
92,table
92,preuve
92,vin
92,enfant
92,principe
92,genre
92,colline
92,masse
92,machine
92,soeur
92,lune
92,herbe
92,direction
92,pierre
92,objet
92,rayon
92,visage
92,rapport
92,jardin
92,mur
92,sens
92,jambe
92,chambre
92,oncle
92,avis
92,chien
92,lit
92,jeunesse
92,mer
92,nord
92,désir
92,peau
92,école
92,position
92,appel
92,passion
92,passage
92,page
92,faim
92,lutte
92,fil
92,garçon
92,doigt
92,toit
92,début
92,horizon
92,acte
92,vache
92,gauche
92,rôle
92,lèvre
92,façon
92,arbre
92,habitude
92,question
